DA0GM12N,DA0GM12R,DA0GM13N,DA0GM13R,DISTRICT,YEAR
7.0,18.9,,,'001902,2013
20.0,27,,,'001903,2013
6.0,10.7,,,'001904,2013
4.0,22.2,,,'001906,2013
15.0,10.8,,,'001907,2013
24.0,23.5,,,'001908,2013
8.0,28.6,,,'001909,2013
77.0,32.5,,,'002901,2013
0.0,.,,,'003801,2013
32.0,20.8,,,'003902,2013
108.0,21.6,,,'003903,2013
48.0,39,,,'003904,2013
36.0,31.3,,,'003905,2013
2.0,6.9,,,'003906,2013
41.0,33.3,,,'003907,2013
21.0,10.4,,,'004901,2013
22.0,56.4,,,'005901,2013
13.0,22.4,,,'005902,2013
8.0,19.5,,,'005904,2013
0.0,0,,,'006902,2013
5.0,14.7,,,'007901,2013
14.0,17.5,,,'007902,2013
10.0,8.1,,,'007904,2013
35.0,17.9,,,'007905,2013
8.0,7,,,'007906,2013
29.0,17.7,,,'008901,2013
39.0,21.7,,,'008902,2013
7.0,13.2,,,'008903,2013
12.0,16.9,,,'009901,2013
9.0,27.3,,,'010901,2013
50.0,29.1,,,'010902,2013
150.0,29.1,,,'011901,2013
47.0,17.7,,,'011902,2013
30.0,28.3,,,'011904,2013
0.0,.,,,'011905,2013
15.0,42.9,,,'012901,2013
0.0,.,,,'013801,2013
34.0,15.6,,,'013901,2013
0.0,.,,,'013902,2013
24.0,61.5,,,'013903,2013
11.0,18.3,,,'013905,2013
45.0,57.7,,,'014801,2013
39.0,100,,,'014802,2013
2.0,22.2,,,'014803,2013
36.0,57.1,,,'014804,2013
14.0,19.4,,,'014901,2013
11.0,37.9,,,'014902,2013
162.0,27.5,,,'014903,2013
16.0,47.1,,,'014905,2013
594.0,31.1,,,'014906,2013
9.0,13.4,,,'014907,2013
16.0,16.7,,,'014908,2013
224.0,43.8,,,'014909,2013
14.0,14.7,,,'014910,2013
19.0,24.4,,,'015801,2013
12.0,20,,,'015802,2013
0.0,0,,,'015803,2013
0.0,.,,,'015805,2013
2.0,3.2,,,'015806,2013
121.0,69.5,,,'015807,2013
3.0,75,,,'015808,2013
0.0,.,,,'015809,2013
19.0,73.1,,,'015814,2013
5.0,20,,,'015815,2013
0.0,0,,,'015816,2013
25.0,32.5,,,'015817,2013
1.0,3.7,,,'015819,2013
6.0,16.2,,,'015820,2013
5.0,15.2,,,'015822,2013
23.0,76.7,,,'015823,2013
0.0,.,,,'015825,2013
0.0,.,,,'015826,2013
0.0,0,,,'015827,2013
0.0,0,,,'015828,2013
2.0,4.7,,,'015830,2013
0.0,.,,,'015831,2013
0.0,.,,,'015832,2013
2.0,28.6,,,'015833,2013
52.0,13.9,,,'015901,2013
162.0,18.8,,,'015904,2013
55.0,11.4,,,'015905,2013
6.0,8,,,'015906,2013
597.0,22.2,,,'015907,2013
59.0,13.2,,,'015908,2013
19.0,10.1,,,'015909,2013
838.0,18.9,,,'015910,2013
94.0,16,,,'015911,2013
156.0,23.8,,,'015912,2013
8.0,20.5,,,'015913,2013
11.0,16.9,,,'015914,2013
1121.0,18.6,,,'015915,2013
227.0,16.6,,,'015916,2013
31.0,10.5,,,'015917,2013
10.0,20,,,'016901,2013
3.0,4.5,,,'016902,2013
0.0,0,,,'017901,2013
6.0,8.3,,,'018901,2013
1.0,2.9,,,'018902,2013
3.0,60,,,'018903,2013
8.0,19,,,'018904,2013
9.0,69.2,,,'018905,2013
3.0,37.5,,,'018906,2013
1.0,5.9,,,'018907,2013
1.0,10,,,'018908,2013
8.0,12.9,,,'019901,2013
34.0,43.6,,,'019902,2013
10.0,26.3,,,'019903,2013
37.0,41.1,,,'019905,2013
21.0,23.3,,,'019906,2013
89.0,18.7,,,'019907,2013
50.0,29.8,,,'019908,2013
19.0,41.3,,,'019909,2013
0.0,.,,,'019910,2013
0.0,.,,,'019911,2013
19.0,16.2,,,'019912,2013
0.0,.,,,'019913,2013
12.0,100,,,'019914,2013
126.0,12.4,,,'020901,2013
175.0,43.3,,,'020902,2013
2.0,4.9,,,'020904,2013
151.0,19.2,,,'020905,2013
13.0,9.2,,,'020906,2013
40.0,21.6,,,'020907,2013
270.0,21.6,,,'020908,2013
0.0,.,,,'020910,2013
4.0,14.8,,,'021803,2013
0.0,.,,,'021805,2013
163.0,23.6,,,'021901,2013
288.0,35,,,'021902,2013
3.0,60,,,'022004,2013
14.0,18.7,,,'022901,2013
1.0,20,,,'022902,2013
0.0,.,,,'022903,2013
1.0,9.1,,,'023902,2013
29.0,33.7,,,'024901,2013
15.0,21.4,,,'025901,2013
56.0,24.8,,,'025902,2013
2.0,18.2,,,'025904,2013
3.0,21.4,,,'025905,2013
1.0,12.5,,,'025906,2013
4.0,44.4,,,'025908,2013
20.0,25.3,,,'025909,2013
18.0,15.4,,,'026901,2013
8.0,26.7,,,'026902,2013
6.0,18.2,,,'026903,2013
38.0,16,,,'027903,2013
71.0,30.6,,,'027904,2013
110.0,33.2,,,'028902,2013
12.0,12.6,,,'028903,2013
5.0,35.7,,,'028906,2013
87.0,30.5,,,'029901,2013
4.0,14.8,,,'030901,2013
17.0,18.9,,,'030902,2013
5.0,25,,,'030903,2013
3.0,13,,,'030906,2013
0.0,.,,,'031803,2013
317.0,12,,,'031901,2013
160.0,14.7,,,'031903,2013
26.0,11.6,,,'031905,2013
40.0,6.9,,,'031906,2013
25.0,19.8,,,'031909,2013
36.0,23.1,,,'031911,2013
80.0,12.4,,,'031912,2013
3.0,8.6,,,'031913,2013
12.0,17.9,,,'031914,2013
28.0,6.1,,,'031916,2013
32.0,22.5,,,'032902,2013
0.0,0,,,'033901,2013
26.0,48.1,,,'033902,2013
2.0,6.9,,,'033904,2013
36.0,34.3,,,'034901,2013
3.0,21.4,,,'034902,2013
7.0,10.9,,,'034903,2013
12.0,20,,,'034905,2013
3.0,10.7,,,'034906,2013
12.0,14.6,,,'034907,2013
4.0,30.8,,,'034909,2013
7.0,11.1,,,'035901,2013
1.0,10,,,'035902,2013
1.0,8.3,,,'035903,2013
20.0,23.5,,,'036901,2013
42.0,15.6,,,'036902,2013
9.0,10.5,,,'036903,2013
12.0,26.7,,,'037901,2013
58.0,22.4,,,'037904,2013
37.0,38.1,,,'037907,2013
3.0,9.1,,,'037908,2013
6.0,27.3,,,'037909,2013
16.0,23.5,,,'038901,2013
19.0,25.7,,,'039902,2013
3.0,7.1,,,'039903,2013
2.0,25,,,'039904,2013
0.0,0,,,'039905,2013
2.0,8.3,,,'040901,2013
3.0,17.6,,,'040902,2013
6.0,18.8,,,'041901,2013
1.0,4.8,,,'041902,2013
5.0,10.4,,,'042901,2013
1.0,6.7,,,'042903,2013
0.0,0,,,'042905,2013
0.0,.,,,'043801,2013
98.0,8.1,,,'043901,2013
16.0,12.5,,,'043902,2013
8.0,5.5,,,'043903,2013
17.0,18.1,,,'043904,2013
271.0,13.8,,,'043905,2013
113.0,7.8,,,'043907,2013
24.0,22.6,,,'043908,2013
710.0,19.5,,,'043910,2013
45.0,23.9,,,'043911,2013
16.0,6,,,'043912,2013
128.0,18.1,,,'043914,2013
6.0,12.2,,,'043917,2013
17.0,19.3,,,'043918,2013
7.0,2.9,,,'043919,2013
2.0,5.6,,,'044902,2013
33.0,25.6,,,'045902,2013
21.0,28.8,,,'045903,2013
6.0,12.8,,,'045905,2013
2.0,66.7,,,'046802,2013
130.0,23.4,,,'046901,2013
130.0,11.6,,,'046902,2013
9.0,13.8,,,'047901,2013
10.0,22.7,,,'047902,2013
1.0,10,,,'047903,2013
1.0,11.1,,,'047905,2013
7.0,35,,,'048901,2013
0.0,0,,,'048903,2013
40.0,31.3,,,'049901,2013
7.0,17.9,,,'049902,2013
6.0,14.6,,,'049903,2013
13.0,17.6,,,'049905,2013
3.0,14.3,,,'049906,2013
3.0,7.1,,,'049907,2013
0.0,.,,,'049908,2013
0.0,.,,,'049909,2013
3.0,16.7,,,'050901,2013
40.0,20.5,,,'050902,2013
2.0,28.6,,,'050904,2013
0.0,0,,,'050909,2013
100.0,20.6,,,'050910,2013
5.0,35.7,,,'051901,2013
6.0,8,,,'052901,2013
13.0,31.7,,,'053001,2013
4.0,16.7,,,'054901,2013
1.0,5.6,,,'054902,2013
3.0,8.8,,,'054903,2013
5.0,15.6,,,'055901,2013
22.0,17.9,,,'056901,2013
0.0,0,,,'056902,2013
5.0,15.6,,,'057802,2013
0.0,0,,,'057803,2013
275.0,39.6,,,'057804,2013
0.0,.,,,'057805,2013
8.0,15.4,,,'057806,2013
9.0,6.8,,,'057807,2013
2.0,9.1,,,'057808,2013
0.0,.,,,'057809,2013
0.0,.,,,'057810,2013
0.0,.,,,'057811,2013
0.0,.,,,'057813,2013
0.0,.,,,'057814,2013
8.0,23.5,,,'057815,2013
0.0,.,,,'057816,2013
0.0,.,,,'057817,2013
5.0,100,,,'057819,2013
60.0,56.6,,,'057825,2013
0.0,.,,,'057827,2013
321.0,85.6,,,'057828,2013
8.0,21.1,,,'057829,2013
0.0,.,,,'057830,2013
0.0,.,,,'057831,2013
20.0,74.1,,,'057832,2013
0.0,.,,,'057833,2013
156.0,90.2,,,'057834,2013
0.0,0,,,'057835,2013
0.0,.,,,'057836,2013
0.0,.,,,'057837,2013
2.0,5.1,,,'057838,2013
0.0,.,,,'057839,2013
9.0,4.8,,,'057840,2013
0.0,.,,,'057841,2013
0.0,0,,,'057842,2013
3.0,23.1,,,'057843,2013
0.0,.,,,'057844,2013
0.0,.,,,'057845,2013
0.0,.,,,'057846,2013
356.0,22,,,'057903,2013
72.0,13.6,,,'057904,2013
1108.0,15.2,,,'057905,2013
98.0,16.3,,,'057906,2013
318.0,42.2,,,'057907,2013
647.0,16.7,,,'057909,2013
333.0,21.2,,,'057910,2013
19.0,3.9,,,'057911,2013
530.0,27.6,,,'057912,2013
31.0,9.3,,,'057913,2013
463.0,19.7,,,'057914,2013
442.0,21.5,,,'057916,2013
7.0,7.9,,,'057919,2013
20.0,2.6,,,'057922,2013
0.0,0,,,'058902,2013
1.0,5.9,,,'058905,2013
14.0,16.1,,,'058906,2013
4.0,30.8,,,'058909,2013
40.0,17.9,,,'059901,2013
0.0,.,,,'059902,2013
15.0,29.4,,,'060902,2013
3.0,37.5,,,'060914,2013
10.0,27.8,,,'061802,2013
0.0,.,,,'061804,2013
138.0,11.2,,,'061901,2013
484.0,14.1,,,'061902,2013
8.0,8.3,,,'061903,2013
24.0,31.6,,,'061905,2013
9.0,11.1,,,'061906,2013
27.0,25.7,,,'061907,2013
43.0,25.3,,,'061908,2013
15.0,9.3,,,'061910,2013
159.0,17.9,,,'061911,2013
45.0,17.3,,,'061912,2013
46.0,13.6,,,'061914,2013
26.0,20.8,,,'062901,2013
2.0,22.2,,,'062902,2013
7.0,7.9,,,'062903,2013
11.0,29.7,,,'062904,2013
0.0,.,,,'062905,2013
0.0,.,,,'062906,2013
1.0,9.1,,,'063903,2013
0.0,0,,,'063906,2013
26.0,19.1,,,'064903,2013
7.0,17.1,,,'065901,2013
5.0,33.3,,,'065902,2013
0.0,.,,,'066005,2013
3.0,9.7,,,'066901,2013
11.0,13.8,,,'066902,2013
9.0,15.5,,,'066903,2013
21.0,31.8,,,'067902,2013
16.0,24.2,,,'067903,2013
3.0,15,,,'067904,2013
6.0,20.7,,,'067907,2013
2.0,20,,,'067908,2013
85.0,39.4,,,'068801,2013
0.0,.,,,'068802,2013
234.0,19.5,,,'068901,2013
4.0,26.7,,,'069901,2013
12.0,42.9,,,'069902,2013
4.0,25,,,'070801,2013
3.0,15.8,,,'070901,2013
73.0,22.3,,,'070903,2013
29.0,18.5,,,'070905,2013
6.0,16.7,,,'070907,2013
101.0,20.4,,,'070908,2013
2.0,25,,,'070909,2013
13.0,20.6,,,'070910,2013
95.0,22.8,,,'070911,2013
137.0,26.5,,,'070912,2013
23.0,31.9,,,'070915,2013
1.0,5.9,,,'071801,2013
31.0,29.5,,,'071803,2013
6.0,5.5,,,'071804,2013
0.0,0,,,'071806,2013
0.0,.,,,'071807,2013
0.0,.,,,'071809,2013
35.0,5.2,,,'071901,2013
400.0,9.6,,,'071902,2013
13.0,9.3,,,'071903,2013
26.0,10.9,,,'071904,2013
198.0,6.5,,,'071905,2013
1.0,2.1,,,'071906,2013
51.0,12.3,,,'071907,2013
4.0,7.1,,,'071908,2013
87.0,3.1,,,'071909,2013
453.0,40.8,,,'072801,2013
22.0,48.9,,,'072802,2013
0.0,.,,,'072901,2013
17.0,23.6,,,'072902,2013
38.0,18.7,,,'072903,2013
0.0,.,,,'072904,2013
1.0,6.3,,,'072908,2013
2.0,12.5,,,'072909,2013
0.0,.,,,'072910,2013
5.0,14.3,,,'073901,2013
30.0,42.3,,,'073903,2013
0.0,.,,,'073904,2013
6.0,10.5,,,'073905,2013
34.0,29.1,,,'074903,2013
2.0,20,,,'074904,2013
2.0,9.1,,,'074905,2013
21.0,45.7,,,'074907,2013
14.0,30.4,,,'074909,2013
3.0,12,,,'074911,2013
16.0,41,,,'074912,2013
11.0,28.2,,,'074917,2013
5.0,16.1,,,'075901,2013
20.0,18,,,'075902,2013
7.0,14,,,'075903,2013
0.0,0,,,'075906,2013
0.0,0,,,'075908,2013
5.0,16.7,,,'076903,2013
3.0,14.3,,,'076904,2013
8.0,16,,,'077901,2013
6.0,18.8,,,'077902,2013
5.0,20.8,,,'078901,2013
427.0,32,,,'079901,2013
35.0,21.1,,,'079906,2013
830.0,16.5,,,'079907,2013
29.0,13.1,,,'079910,2013
22.0,21.6,,,'080901,2013
33.0,33.3,,,'081902,2013
7.0,9.6,,,'081904,2013
9.0,28.1,,,'081905,2013
0.0,.,,,'081906,2013
11.0,16.4,,,'082902,2013
17.0,13.2,,,'082903,2013
10.0,34.5,,,'083901,2013
1.0,9.1,,,'083902,2013
40.0,26,,,'083903,2013
0.0,.,,,'084801,2013
0.0,.,,,'084802,2013
0.0,.,,,'084804,2013
4.0,40,,,'084805,2013
151.0,27.2,,,'084901,2013
79.0,20.2,,,'084902,2013
10.0,52.6,,,'084903,2013
30.0,25,,,'084904,2013
101.0,28.9,,,'084906,2013
16.0,24.6,,,'084908,2013
108.0,32.6,,,'084909,2013
494.0,18.3,,,'084910,2013
41.0,8.5,,,'084911,2013
8.0,17,,,'085902,2013
2.0,15.4,,,'085903,2013
0.0,.,,,'086024,2013
40.0,18.3,,,'086901,2013
10.0,20.8,,,'086902,2013
1.0,5.3,,,'087901,2013
40.0,36.7,,,'088902,2013
25.0,17.2,,,'089901,2013
10.0,14.7,,,'089903,2013
4.0,26.7,,,'089905,2013
0.0,0,,,'090902,2013
0.0,0,,,'090903,2013
43.0,19.1,,,'090904,2013
0.0,.,,,'090905,2013
16.0,28.1,,,'091901,2013
5.0,11.4,,,'091902,2013
86.0,29.7,,,'091903,2013
8.0,12.7,,,'091905,2013
141.0,36.7,,,'091906,2013
0.0,.,,,'091907,2013
21.0,18.6,,,'091908,2013
22.0,22.7,,,'091909,2013
26.0,51,,,'091910,2013
14.0,16.9,,,'091913,2013
11.0,19,,,'091914,2013
13.0,21.7,,,'091917,2013
13.0,22,,,'091918,2013
7.0,10.6,,,'092801,2013
36.0,30.8,,,'092901,2013
44.0,18.5,,,'092902,2013
115.0,23.4,,,'092903,2013
90.0,31.4,,,'092904,2013
22.0,31,,,'092906,2013
12.0,10.6,,,'092907,2013
49.0,52.1,,,'092908,2013
17.0,30.9,,,'093901,2013
9.0,25,,,'093903,2013
35.0,22,,,'093904,2013
2.0,66.7,,,'093905,2013
51.0,10.8,,,'094901,2013
97.0,9.6,,,'094902,2013
3.0,2.8,,,'094903,2013
23.0,26.7,,,'094904,2013
6.0,13.3,,,'095901,2013
1.0,25,,,'095902,2013
12.0,27.9,,,'095903,2013
1.0,7.1,,,'095904,2013
82.0,25.4,,,'095905,2013
5.0,15.6,,,'096904,2013
1.0,3.7,,,'096905,2013
17.0,39.5,,,'097902,2013
7.0,13.5,,,'097903,2013
5.0,21.7,,,'098901,2013
0.0,.,,,'098903,2013
3.0,5.4,,,'098904,2013
3.0,25,,,'099902,2013
13.0,33.3,,,'099903,2013
16.0,19.5,,,'100903,2013
63.0,35.4,,,'100904,2013
15.0,12,,,'100905,2013
65.0,27.7,,,'100907,2013
16.0,32.7,,,'100908,2013
0.0,.,,,'101801,2013
0.0,.,,,'101802,2013
0.0,.,,,'101803,2013
8.0,8.1,,,'101804,2013
3.0,11.1,,,'101805,2013
8.0,23.5,,,'101806,2013
0.0,.,,,'101807,2013
12.0,38.7,,,'101809,2013
0.0,.,,,'101810,2013
0.0,.,,,'101811,2013
66.0,30.7,,,'101812,2013
1.0,0.8,,,'101813,2013
0.0,.,,,'101814,2013
0.0,.,,,'101815,2013
0.0,.,,,'101819,2013
29.0,46,,,'101821,2013
0.0,0,,,'101822,2013
0.0,0,,,'101828,2013
0.0,.,,,'101829,2013
0.0,.,,,'101833,2013
14.0,20.6,,,'101837,2013
19.0,21.1,,,'101838,2013
0.0,.,,,'101840,2013
2.0,10,,,'101842,2013
0.0,0,,,'101845,2013
0.0,0,,,'101846,2013
0.0,.,,,'101847,2013
0.0,0,,,'101848,2013
0.0,.,,,'101849,2013
0.0,.,,,'101850,2013
1.0,50,,,'101852,2013
0.0,.,,,'101853,2013
38.0,63.3,,,'101854,2013
0.0,.,,,'101855,2013
18.0,100,,,'101856,2013
1.0,1.8,,,'101858,2013
0.0,.,,,'101859,2013
0.0,.,,,'101860,2013
0.0,.,,,'101861,2013
0.0,.,,,'101862,2013
0.0,.,,,'101863,2013
0.0,.,,,'101864,2013
20.0,24.7,,,'101865,2013
0.0,.,,,'101867,2013
713.0,23.9,,,'101902,2013
450.0,18.6,,,'101903,2013
84.0,16.9,,,'101905,2013
26.0,8.3,,,'101906,2013
1748.0,27.2,,,'101907,2013
249.0,29.1,,,'101908,2013
61.0,31.1,,,'101909,2013
392.0,26.2,,,'101910,2013
148.0,11.8,,,'101911,2013
1846.0,19.1,,,'101912,2013
536.0,21.1,,,'101913,2013
758.0,18.5,,,'101914,2013
723.0,23.6,,,'101915,2013
146.0,30.2,,,'101916,2013
900.0,30.4,,,'101917,2013
277.0,14.3,,,'101919,2013
383.0,20.9,,,'101920,2013
131.0,18.7,,,'101921,2013
93.0,27.1,,,'101924,2013
11.0,4.8,,,'101925,2013
3.0,37.5,,,'102901,2013
97.0,28.8,,,'102902,2013
16.0,39,,,'102903,2013
39.0,14.2,,,'102904,2013
9.0,22.5,,,'102905,2013
8.0,15.7,,,'102906,2013
0.0,0,,,'103901,2013
3.0,37.5,,,'103902,2013
8.0,25,,,'104901,2013
3.0,50,,,'104903,2013
4.0,33.3,,,'104907,2013
2.0,5.4,,,'105801,2013
0.0,.,,,'105802,2013
93.0,18.6,,,'105902,2013
26.0,9.3,,,'105904,2013
19.0,10.6,,,'105905,2013
166.0,18.8,,,'105906,2013
14.0,25,,,'106901,2013
26.0,13.8,,,'107901,2013
28.0,15.6,,,'107902,2013
1.0,1.9,,,'107904,2013
24.0,21.6,,,'107905,2013
9.0,12.3,,,'107906,2013
6.0,50,,,'107907,2013
0.0,.,,,'107908,2013
8.0,30.8,,,'107910,2013
24.0,12.1,,,'108801,2013
0.0,.,,,'108802,2013
20.0,14.3,,,'108804,2013
0.0,0,,,'108807,2013
0.0,.,,,'108808,2013
0.0,.,,,'108809,2013
71.0,10.6,,,'108902,2013
38.0,12.5,,,'108903,2013
201.0,10.7,,,'108904,2013
9.0,3.9,,,'108905,2013
105.0,7.3,,,'108906,2013
17.0,5.5,,,'108907,2013
64.0,8,,,'108908,2013
131.0,6.9,,,'108909,2013
2.0,1.7,,,'108910,2013
36.0,5.4,,,'108911,2013
94.0,5.7,,,'108912,2013
147.0,14.3,,,'108913,2013
2.0,5.4,,,'108914,2013
0.0,.,,,'108915,2013
11.0,3.9,,,'108916,2013
4.0,21.1,,,'109901,2013
10.0,47.6,,,'109902,2013
1.0,5,,,'109903,2013
33.0,28.2,,,'109904,2013
11.0,36.7,,,'109905,2013
18.0,39.1,,,'109907,2013
0.0,.,,,'109908,2013
0.0,.,,,'109910,2013
13.0,15.1,,,'109911,2013
1.0,5.9,,,'109912,2013
7.0,29.2,,,'109913,2013
3.0,18.8,,,'109914,2013
4.0,19,,,'110901,2013
48.0,27,,,'110902,2013
2.0,6.9,,,'110905,2013
3.0,12,,,'110906,2013
6.0,17.6,,,'110907,2013
1.0,10,,,'110908,2013
95.0,20.6,,,'111901,2013
1.0,4.8,,,'111902,2013
5.0,9.3,,,'111903,2013
105.0,41.7,,,'112901,2013
4.0,16.7,,,'112905,2013
13.0,48.1,,,'112906,2013
1.0,5,,,'112907,2013
24.0,39.3,,,'112908,2013
2.0,11.1,,,'112909,2013
1.0,5.3,,,'112910,2013
19.0,24.4,,,'113901,2013
3.0,8.6,,,'113902,2013
9.0,21.4,,,'113903,2013
4.0,13.8,,,'113905,2013
4.0,23.5,,,'113906,2013
48.0,21.2,,,'114901,2013
5.0,10.6,,,'114902,2013
6.0,12,,,'114904,2013
1.0,2.6,,,'115901,2013
2.0,25,,,'115902,2013
2.0,28.6,,,'115903,2013
6.0,33.3,,,'116801,2013
22.0,21,,,'116901,2013
6.0,22.2,,,'116902,2013
14.0,14.4,,,'116903,2013
96.0,35.8,,,'116905,2013
16.0,19.8,,,'116906,2013
39.0,23.6,,,'116908,2013
4.0,10.3,,,'116909,2013
5.0,22.7,,,'116910,2013
6.0,15,,,'116915,2013
10.0,25,,,'116916,2013
33.0,18.6,,,'117901,2013
22.0,47.8,,,'117903,2013
11.0,22.9,,,'117904,2013
0.0,.,,,'117907,2013
6.0,18.8,,,'118902,2013
3.0,27.3,,,'119901,2013
15.0,25.9,,,'119902,2013
6.0,24,,,'119903,2013
22.0,27.2,,,'120901,2013
3.0,6.7,,,'120902,2013
9.0,11,,,'120905,2013
6.0,17.6,,,'121902,2013
18.0,19.6,,,'121903,2013
82.0,46.1,,,'121904,2013
30.0,34.5,,,'121905,2013
2.0,6.5,,,'121906,2013
23.0,48.9,,,'122901,2013
0.0,0,,,'122902,2013
4.0,22.2,,,'123803,2013
0.0,.,,,'123805,2013
7.0,36.8,,,'123807,2013
64.0,19.9,,,'123905,2013
58.0,12.2,,,'123907,2013
61.0,18.2,,,'123908,2013
281.0,23.4,,,'123910,2013
1.0,3.7,,,'123913,2013
12.0,9.4,,,'123914,2013
16.0,30.2,,,'124901,2013
54.0,22,,,'125901,2013
9.0,22.5,,,'125902,2013
21.0,21.2,,,'125903,2013
2.0,5.9,,,'125905,2013
0.0,.,,,'125906,2013
59.0,29.1,,,'126901,2013
154.0,25.4,,,'126902,2013
70.0,16.7,,,'126903,2013
20.0,27.4,,,'126904,2013
52.0,18,,,'126905,2013
22.0,45.8,,,'126906,2013
3.0,7.7,,,'126907,2013
23.0,20.7,,,'126908,2013
4.0,4.3,,,'126911,2013
19.0,39.6,,,'127901,2013
16.0,38.1,,,'127903,2013
12.0,23.5,,,'127904,2013
2.0,16.7,,,'127905,2013
7.0,20,,,'127906,2013
7.0,12.1,,,'128901,2013
7.0,20,,,'128902,2013
0.0,0,,,'128903,2013
0.0,0,,,'128904,2013
32.0,16.8,,,'129901,2013
45.0,9.4,,,'129902,2013
85.0,30.5,,,'129903,2013
18.0,18.2,,,'129904,2013
22.0,9.1,,,'129905,2013
22.0,10.7,,,'129906,2013
17.0,28.8,,,'129910,2013
11.0,84.6,,,'130801,2013
102.0,19.4,,,'130901,2013
9.0,14.3,,,'130902,2013
0.0,.,,,'131001,2013
1.0,12.5,,,'132902,2013
8.0,20,,,'133901,2013
0.0,.,,,'133902,2013
112.0,35.9,,,'133903,2013
20.0,23.8,,,'133904,2013
0.0,.,,,'133905,2013
17.0,27.9,,,'134901,2013
2.0,28.6,,,'135001,2013
16.0,50,,,'136901,2013
2.0,1.1,,,'137901,2013
0.0,.,,,'137902,2013
8.0,11.9,,,'137903,2013
1.0,2.6,,,'137904,2013
5.0,33.3,,,'138902,2013
4.0,16,,,'138903,2013
1.0,25,,,'138904,2013
23.0,37.1,,,'139905,2013
6.0,54.5,,,'139908,2013
69.0,37.1,,,'139909,2013
73.0,41.5,,,'139911,2013
18.0,21.7,,,'139912,2013
1.0,12.5,,,'140901,2013
22.0,24.4,,,'140904,2013
7.0,14.3,,,'140905,2013
7.0,25.9,,,'140907,2013
7.0,28,,,'140908,2013
26.0,12.3,,,'141901,2013
2.0,11.8,,,'141902,2013
11.0,15.3,,,'142901,2013
12.0,16,,,'143901,2013
5.0,16.7,,,'143902,2013
8.0,17,,,'143903,2013
0.0,.,,,'143904,2013
0.0,.,,,'143905,2013
0.0,.,,,'143906,2013
5.0,45.5,,,'144901,2013
10.0,17.5,,,'144902,2013
2.0,28.6,,,'144903,2013
7.0,10.9,,,'145901,2013
21.0,40.4,,,'145902,2013
12.0,34.3,,,'145906,2013
3.0,33.3,,,'145907,2013
17.0,34.7,,,'145911,2013
81.0,39.3,,,'146901,2013
56.0,16.1,,,'146902,2013
0.0,.,,,'146903,2013
1.0,1.8,,,'146904,2013
4.0,13.8,,,'146905,2013
10.0,8.3,,,'146906,2013
55.0,39.9,,,'146907,2013
8.0,40,,,'147901,2013
29.0,24.2,,,'147902,2013
20.0,18.3,,,'147903,2013
5.0,17.9,,,'148901,2013
2.0,20,,,'148902,2013
5.0,83.3,,,'148903,2013
0.0,0,,,'148905,2013
17.0,25.4,,,'149901,2013
7.0,13.7,,,'149902,2013
7.0,6.9,,,'150901,2013
0.0,.,,,'152802,2013
41.0,53.9,,,'152803,2013
0.0,0,,,'152805,2013
318.0,21.1,,,'152901,2013
8.0,18.6,,,'152902,2013
8.0,11.6,,,'152903,2013
13.0,8.2,,,'152906,2013
31.0,6.8,,,'152907,2013
17.0,25.4,,,'152908,2013
8.0,7,,,'152909,2013
14.0,20.6,,,'152910,2013
1.0,5.3,,,'153903,2013
4.0,10.8,,,'153904,2013
0.0,0,,,'153905,2013
1.0,20,,,'153907,2013
29.0,20,,,'154901,2013
1.0,3.2,,,'154903,2013
14.0,20.3,,,'155901,2013
3.0,6.5,,,'156902,2013
2.0,12.5,,,'156905,2013
4.0,8.9,,,'157901,2013
99.0,39.3,,,'158901,2013
1.0,2.3,,,'158902,2013
0.0,.,,,'158904,2013
6.0,6.2,,,'158905,2013
12.0,17.1,,,'158906,2013
125.0,13.4,,,'159901,2013
32.0,40.5,,,'160901,2013
4.0,28.6,,,'160904,2013
1.0,12.5,,,'160905,2013
0.0,.,,,'161801,2013
2.0,11.1,,,'161802,2013
0.0,0,,,'161807,2013
10.0,26.3,,,'161901,2013
92.0,18.1,,,'161903,2013
44.0,28.6,,,'161906,2013
34.0,28.6,,,'161907,2013
10.0,22.2,,,'161908,2013
17.0,23.9,,,'161909,2013
13.0,34.2,,,'161910,2013
8.0,16.3,,,'161912,2013
255.0,33.6,,,'161914,2013
18.0,14.6,,,'161916,2013
22.0,36.7,,,'161918,2013
10.0,18.5,,,'161919,2013
35.0,21.7,,,'161920,2013
26.0,20.8,,,'161921,2013
36.0,22.8,,,'161922,2013
9.0,21.4,,,'161923,2013
0.0,.,,,'161924,2013
0.0,.,,,'161925,2013
6.0,42.9,,,'162904,2013
29.0,24.2,,,'163901,2013
7.0,31.8,,,'163902,2013
15.0,29.4,,,'163903,2013
40.0,27.6,,,'163904,2013
26.0,11.2,,,'163908,2013
8.0,34.8,,,'164901,2013
0.0,.,,,'165802,2013
337.0,27.3,,,'165901,2013
12.0,9.5,,,'165902,2013
7.0,8.2,,,'166901,2013
0.0,.,,,'166902,2013
16.0,48.5,,,'166903,2013
34.0,27.9,,,'166904,2013
9.0,20.5,,,'166905,2013
3.0,30,,,'166907,2013
3.0,6.4,,,'167901,2013
2.0,28.6,,,'167902,2013
4.0,33.3,,,'167903,2013
2.0,50,,,'167904,2013
29.0,33.3,,,'168901,2013
0.0,0,,,'168902,2013
2.0,18.2,,,'168903,2013
28.0,25.7,,,'169901,2013
16.0,31.4,,,'169902,2013
1.0,8.3,,,'169906,2013
0.0,.,,,'169908,2013
3.0,33.3,,,'169909,2013
0.0,0,,,'169910,2013
4.0,20,,,'169911,2013
0.0,.,,,'170801,2013
352.0,10.9,,,'170902,2013
113.0,24.6,,,'170903,2013
40.0,10.3,,,'170904,2013
200.0,25.5,,,'170906,2013
52.0,24.8,,,'170907,2013
95.0,16.4,,,'170908,2013
83.0,33.3,,,'171901,2013
4.0,8.5,,,'171902,2013
16.0,19.8,,,'172902,2013
12.0,17.4,,,'172905,2013
2.0,13.3,,,'173901,2013
0.0,.,,,'174801,2013
5.0,25,,,'174901,2013
3.0,7.1,,,'174902,2013
11.0,21.2,,,'174903,2013
91.0,25.9,,,'174904,2013
13.0,21,,,'174906,2013
11.0,18,,,'174908,2013
9.0,32.1,,,'174909,2013
0.0,.,,,'174910,2013
4.0,23.5,,,'174911,2013
12.0,26.7,,,'175902,2013
59.0,20,,,'175903,2013
8.0,25,,,'175904,2013
1.0,6.7,,,'175905,2013
4.0,10.3,,,'175907,2013
11.0,22,,,'175910,2013
12.0,21.1,,,'175911,2013
8.0,42.1,,,'176901,2013
19.0,29.7,,,'176902,2013
6.0,13.3,,,'176903,2013
5.0,22.7,,,'177901,2013
23.0,22.3,,,'177902,2013
1.0,12.5,,,'177903,2013
6.0,50,,,'177905,2013
1.0,20,,,'178801,2013
52.0,73.2,,,'178804,2013
0.0,.,,,'178807,2013
0.0,.,,,'178808,2013
3.0,15.8,,,'178901,2013
4.0,4.9,,,'178902,2013
26.0,8.9,,,'178903,2013
704.0,31.8,,,'178904,2013
0.0,.,,,'178905,2013
0.0,.,,,'178906,2013
7.0,15.2,,,'178908,2013
50.0,36,,,'178909,2013
48.0,18.6,,,'178912,2013
11.0,20.8,,,'178913,2013
55.0,14,,,'178914,2013
17.0,14.9,,,'178915,2013
30.0,20.4,,,'179901,2013
6.0,10.7,,,'180901,2013
4.0,16,,,'180902,2013
0.0,0,,,'180903,2013
0.0,.,,,'180904,2013
42.0,24.6,,,'181901,2013
27.0,26.2,,,'181905,2013
25.0,18.8,,,'181906,2013
101.0,31.2,,,'181907,2013
76.0,31.3,,,'181908,2013
4.0,33.3,,,'182901,2013
2.0,9.1,,,'182902,2013
57.0,24.3,,,'182903,2013
15.0,51.7,,,'182904,2013
6.0,66.7,,,'182905,2013
0.0,.,,,'182906,2013
4.0,14.8,,,'183801,2013
10.0,35.7,,,'183901,2013
40.0,26.5,,,'183902,2013
5.0,20.8,,,'183904,2013
11.0,26.2,,,'184801,2013
6.0,18.2,,,'184901,2013
74.0,36.6,,,'184902,2013
55.0,11,,,'184903,2013
11.0,16.2,,,'184904,2013
74.0,18.8,,,'184907,2013
17.0,22.7,,,'184908,2013
9.0,13.2,,,'184909,2013
0.0,.,,,'184911,2013
8.0,24.2,,,'185901,2013
7.0,21.2,,,'185902,2013
6.0,8.3,,,'185903,2013
0.0,0,,,'185904,2013
0.0,0,,,'186901,2013
12.0,9.9,,,'186902,2013
34.0,56.7,,,'186903,2013
9.0,29,,,'187901,2013
10.0,55.6,,,'187903,2013
10.0,16.7,,,'187904,2013
2.0,16.7,,,'187906,2013
69.0,27.2,,,'187907,2013
11.0,24.4,,,'187910,2013
35.0,47.3,,,'188801,2013
430.0,24.7,,,'188901,2013
31.0,32,,,'188902,2013
12.0,27.3,,,'188903,2013
7.0,8.2,,,'188904,2013
5.0,17.2,,,'189901,2013
10.0,9.7,,,'189902,2013
15.0,12,,,'190903,2013
120.0,21.7,,,'191901,2013
8.0,17.8,,,'192901,2013
9.0,90,,,'193801,2013
4.0,28.6,,,'193902,2013
3.0,9.1,,,'194902,2013
11.0,26.2,,,'194903,2013
16.0,34,,,'194904,2013
11.0,33.3,,,'194905,2013
8.0,5.8,,,'195901,2013
1.0,8.3,,,'195902,2013
1.0,8.3,,,'196901,2013
10.0,29.4,,,'196902,2013
13.0,26,,,'196903,2013
3.0,21.4,,,'197902,2013
3.0,13.6,,,'198901,2013
3.0,20,,,'198902,2013
5.0,7,,,'198903,2013
14.0,23.3,,,'198905,2013
4.0,17.4,,,'198906,2013
186.0,18.4,,,'199901,2013
93.0,34.8,,,'199902,2013
14.0,22.6,,,'200901,2013
2.0,9.1,,,'200902,2013
4.0,10,,,'200904,2013
0.0,.,,,'200906,2013
66.0,33,,,'201902,2013
2.0,25,,,'201903,2013
8.0,57.1,,,'201904,2013
7.0,25.9,,,'201907,2013
0.0,0,,,'201908,2013
21.0,17.5,,,'201910,2013
0.0,0,,,'201913,2013
10.0,23.8,,,'201914,2013
11.0,19.3,,,'202903,2013
8.0,20.5,,,'202905,2013
8.0,17.8,,,'203901,2013
7.0,17.9,,,'203902,2013
30.0,25.4,,,'204901,2013
38.0,33.3,,,'204904,2013
18.0,16.8,,,'205901,2013
17.0,5.9,,,'205902,2013
48.0,34.8,,,'205903,2013
16.0,14.8,,,'205904,2013
4.0,8,,,'205905,2013
28.0,20,,,'205906,2013
16.0,25.8,,,'205907,2013
2.0,5.9,,,'206901,2013
2.0,14.3,,,'206902,2013
1.0,10,,,'206903,2013
3.0,7.9,,,'207901,2013
5.0,45.5,,,'208901,2013
67.0,40.1,,,'208902,2013
2.0,12.5,,,'208903,2013
9.0,29,,,'209901,2013
1.0,20,,,'209902,2013
18.0,13.1,,,'210901,2013
7.0,15.2,,,'210902,2013
5.0,15.6,,,'210903,2013
11.0,32.4,,,'210904,2013
5.0,13.2,,,'210905,2013
0.0,.,,,'210906,2013
0.0,0,,,'211901,2013
5.0,11.6,,,'211902,2013
0.0,.,,,'212801,2013
9.0,100,,,'212803,2013
0.0,.,,,'212804,2013
9.0,13.4,,,'212901,2013
46.0,32.2,,,'212902,2013
80.0,32.4,,,'212903,2013
13.0,19.1,,,'212904,2013
280.0,29.6,,,'212905,2013
82.0,26.5,,,'212906,2013
32.0,14.2,,,'212909,2013
10.0,17.5,,,'212910,2013
41.0,62.1,,,'213801,2013
38.0,31.4,,,'213901,2013
38.0,6.4,,,'214901,2013
2.0,6.7,,,'214902,2013
31.0,7.8,,,'214903,2013
9.0,10.1,,,'215901,2013
1.0,7.7,,,'216901,2013
2.0,14.3,,,'217901,2013
2.0,3.3,,,'218901,2013
4.0,30.8,,,'219901,2013
7.0,12.3,,,'219903,2013
5.0,31.3,,,'219905,2013
0.0,0,,,'220801,2013
0.0,.,,,'220802,2013
53.0,25.9,,,'220804,2013
0.0,0,,,'220809,2013
0.0,0,,,'220810,2013
0.0,.,,,'220811,2013
31.0,57.4,,,'220812,2013
1.0,3.7,,,'220813,2013
0.0,.,,,'220814,2013
0.0,.,,,'220815,2013
0.0,0,,,'220816,2013
0.0,.,,,'220817,2013
0.0,.,,,'220818,2013
933.0,25.8,,,'220901,2013
377.0,27.9,,,'220902,2013
17.0,7.2,,,'220904,2013
652.0,17.9,,,'220905,2013
149.0,14.3,,,'220906,2013
428.0,20.6,,,'220907,2013
420.0,20.6,,,'220908,2013
14.0,10.4,,,'220910,2013
181.0,19.9,,,'220912,2013
35.0,15.9,,,'220914,2013
58.0,16.8,,,'220915,2013
226.0,15.9,,,'220916,2013
28.0,17.1,,,'220917,2013
215.0,23.6,,,'220918,2013
37.0,5.5,,,'220919,2013
168.0,37.7,,,'220920,2013
8.0,10.4,,,'221801,2013
368.0,35.8,,,'221901,2013
7.0,10,,,'221904,2013
4.0,28.6,,,'221905,2013
30.0,43.5,,,'221911,2013
35.0,16.4,,,'221912,2013
1.0,12.5,,,'222901,2013
21.0,22.1,,,'223901,2013
1.0,5.6,,,'223902,2013
1.0,11.1,,,'223904,2013
1.0,5.6,,,'224901,2013
0.0,0,,,'224902,2013
99.0,33.6,,,'225902,2013
0.0,.,,,'225905,2013
9.0,12,,,'225906,2013
0.0,.,,,'225907,2013
3.0,15.8,,,'226801,2013
9.0,25,,,'226901,2013
321.0,34.2,,,'226903,2013
5.0,29.4,,,'226905,2013
15.0,17.9,,,'226906,2013
6.0,9.7,,,'226907,2013
1.0,7.1,,,'226908,2013
30.0,96.8,,,'227801,2013
0.0,.,,,'227803,2013
0.0,0,,,'227804,2013
0.0,.,,,'227805,2013
36.0,62.1,,,'227806,2013
2.0,16.7,,,'227814,2013
0.0,0,,,'227816,2013
0.0,.,,,'227817,2013
70.0,73.7,,,'227818,2013
0.0,.,,,'227819,2013
0.0,0,,,'227820,2013
0.0,.,,,'227821,2013
0.0,.,,,'227824,2013
0.0,.,,,'227825,2013
1105.0,26,,,'227901,2013
282.0,19.9,,,'227904,2013
50.0,17.6,,,'227907,2013
38.0,6,,,'227909,2013
96.0,15.6,,,'227910,2013
4.0,5.3,,,'227912,2013
43.0,8.4,,,'227913,2013
11.0,23.9,,,'228901,2013
7.0,13.7,,,'228903,2013
0.0,0,,,'228904,2013
1.0,6.3,,,'228905,2013
8.0,18.6,,,'229901,2013
10.0,14.3,,,'229903,2013
12.0,16.7,,,'229904,2013
5.0,38.5,,,'229905,2013
2.0,20,,,'229906,2013
5.0,11.6,,,'230901,2013
21.0,15.3,,,'230902,2013
11.0,23.9,,,'230903,2013
4.0,12.1,,,'230904,2013
9.0,12.3,,,'230905,2013
1.0,1.6,,,'230906,2013
10.0,15.9,,,'230908,2013
5.0,23.8,,,'231901,2013
1.0,8.3,,,'231902,2013
4.0,50,,,'232901,2013
5.0,13.9,,,'232902,2013
28.0,10.2,,,'232903,2013
5.0,27.8,,,'232904,2013
174.0,28.9,,,'233901,2013
0.0,0,,,'233903,2013
7.0,41.2,,,'234801,2013
48.0,36.4,,,'234902,2013
8.0,12.1,,,'234903,2013
27.0,28.4,,,'234904,2013
2.0,7.1,,,'234905,2013
25.0,15.7,,,'234906,2013
30.0,18.5,,,'234907,2013
2.0,14.3,,,'234909,2013
25.0,73.5,,,'235901,2013
223.0,31.1,,,'235902,2013
0.0,.,,,'235904,2013
2.0,100,,,'236801,2013
31.0,38.8,,,'236901,2013
43.0,11.7,,,'236902,2013
36.0,31.6,,,'237902,2013
84.0,22.8,,,'237904,2013
23.0,17.4,,,'237905,2013
18.0,12.5,,,'238902,2013
1.0,16.7,,,'238904,2013
77.0,23.9,,,'239901,2013
3.0,10.7,,,'239903,2013
32.0,19.5,,,'240801,2013
148.0,13.3,,,'240901,2013
284.0,10.8,,,'240903,2013
0.0,0,,,'240904,2013
34.0,47.2,,,'241901,2013
22.0,32.4,,,'241902,2013
61.0,26,,,'241903,2013
32.0,23.2,,,'241904,2013
10.0,24.4,,,'241906,2013
6.0,33.3,,,'242902,2013
2.0,11.8,,,'242903,2013
1.0,33.3,,,'242905,2013
3.0,50,,,'242906,2013
1.0,14.3,,,'243801,2013
62.0,30.1,,,'243901,2013
17.0,65.4,,,'243902,2013
14.0,10.7,,,'243903,2013
238.0,26.4,,,'243905,2013
3.0,5.8,,,'243906,2013
2.0,25,,,'244901,2013
21.0,17.6,,,'244903,2013
0.0,0,,,'244905,2013
4.0,17.4,,,'245901,2013
9.0,7.6,,,'245902,2013
18.0,12.4,,,'245903,2013
3.0,17.6,,,'245904,2013
0.0,.,,,'246801,2013
12.0,15.2,,,'246902,2013
109.0,15.9,,,'246904,2013
4.0,16.7,,,'246905,2013
43.0,13.5,,,'246906,2013
13.0,24.5,,,'246907,2013
30.0,17.6,,,'246908,2013
471.0,17.2,,,'246909,2013
48.0,23.3,,,'246911,2013
4.0,10.5,,,'246912,2013
347.0,18.2,,,'246913,2013
0.0,.,,,'246914,2013
30.0,10.8,,,'247901,2013
16.0,7.8,,,'247903,2013
8.0,12.1,,,'247904,2013
17.0,38.6,,,'247906,2013
4.0,5.3,,,'248901,2013
1.0,4.3,,,'248902,2013
19.0,36.5,,,'249901,2013
11.0,11.3,,,'249902,2013
55.0,36.7,,,'249903,2013
10.0,27.8,,,'249904,2013
40.0,19.5,,,'249905,2013
7.0,9.3,,,'249906,2013
1.0,5.9,,,'249908,2013
8.0,20.5,,,'250902,2013
15.0,16,,,'250903,2013
24.0,29.3,,,'250904,2013
4.0,28.6,,,'250905,2013
13.0,16.9,,,'250906,2013
11.0,13.6,,,'250907,2013
25.0,26.6,,,'251901,2013
0.0,0,,,'251902,2013
54.0,33.5,,,'252901,2013
3.0,17.6,,,'252902,2013
9.0,22.5,,,'252903,2013
39.0,22,,,'253901,2013
11.0,9.3,,,'254901,2013
0.0,0,,,'254902,2013
57010.0,19.5,,,'1,2013
,,10,20.4,'001902,2014
,,22,27.5,'001903,2014
,,5,10,'001904,2014
,,5,26.3,'001906,2014
,,12,6,'001907,2014
,,16,18,'001908,2014
,,4,16,'001909,2014
,,43,24.3,'002901,2014
,,2,10,'003801,2014
,,32,19.3,'003902,2014
,,96,18.2,'003903,2014
,,56,49.1,'003904,2014
,,42,32.6,'003905,2014
,,4,12.9,'003906,2014
,,33,31.1,'003907,2014
,,21,10.4,'004901,2014
,,8,22.2,'005901,2014
,,20,30.8,'005902,2014
,,2,6.5,'005904,2014
,,1,4.3,'006902,2014
,,8,28.6,'007901,2014
,,24,32.4,'007902,2014
,,6,5.6,'007904,2014
,,33,15.1,'007905,2014
,,11,10.7,'007906,2014
,,41,24.3,'008901,2014
,,35,17.8,'008902,2014
,,12,25,'008903,2014
,,15,17.2,'009901,2014
,,14,46.7,'010901,2014
,,36,21.4,'010902,2014
,,173,28,'011901,2014
,,35,14.6,'011902,2014
,,43,27,'011904,2014
,,.,.,'011905,2014
,,10,27.8,'012901,2014
,,.,.,'013801,2014
,,1,0.4,'013901,2014
,,.,.,'013902,2014
,,13,48.1,'013903,2014
,,6,8.6,'013905,2014
,,40,63.5,'014801,2014
,,28,96.6,'014802,2014
,,3,20,'014803,2014
,,16,30.2,'014804,2014
,,25,31.3,'014901,2014
,,12,30.8,'014902,2014
,,167,27.2,'014903,2014
,,17,44.7,'014905,2014
,,615,30.4,'014906,2014
,,13,20,'014907,2014
,,17,14.7,'014908,2014
,,144,27.9,'014909,2014
,,11,12.9,'014910,2014
,,53,55.8,'015801,2014
,,9,21.4,'015802,2014
,,0,0,'015803,2014
,,.,.,'015805,2014
,,7,17.1,'015806,2014
,,55,51.9,'015807,2014
,,.,.,'015808,2014
,,.,.,'015809,2014
,,24,64.9,'015814,2014
,,1,5.3,'015815,2014
,,5,18.5,'015816,2014
,,3,15,'015819,2014
,,3,11.1,'015820,2014
,,7,18.9,'015822,2014
,,10,34.5,'015823,2014
,,.,.,'015825,2014
,,3,4.7,'015826,2014
,,0,0,'015827,2014
,,0,0,'015828,2014
,,5,7.1,'015830,2014
,,.,.,'015831,2014
,,1,14.3,'015832,2014
,,5,8.1,'015833,2014
,,.,.,'015834,2014
,,.,.,'015836,2014
,,41,11.5,'015901,2014
,,174,20.7,'015904,2014
,,110,20,'015905,2014
,,5,6,'015906,2014
,,624,23.2,'015907,2014
,,59,13.7,'015908,2014
,,15,7.1,'015909,2014
,,852,18.4,'015910,2014
,,75,11.2,'015911,2014
,,134,18.6,'015912,2014
,,4,10.5,'015913,2014
,,12,15.8,'015914,2014
,,936,15.5,'015915,2014
,,235,17.6,'015916,2014
,,32,11.1,'015917,2014
,,11,22.9,'016901,2014
,,6,8.1,'016902,2014
,,2,12.5,'017901,2014
,,4,5.7,'018901,2014
,,4,10.5,'018902,2014
,,2,25,'018903,2014
,,13,22.8,'018904,2014
,,7,46.7,'018905,2014
,,0,0,'018906,2014
,,5,33.3,'018907,2014
,,1,16.7,'018908,2014
,,5,8.8,'019901,2014
,,40,47.1,'019902,2014
,,15,42.9,'019903,2014
,,24,33.3,'019905,2014
,,21,21.2,'019906,2014
,,93,21.3,'019907,2014
,,56,34.6,'019908,2014
,,16,42.1,'019909,2014
,,.,.,'019910,2014
,,.,.,'019911,2014
,,21,13.5,'019912,2014
,,.,.,'019913,2014
,,.,.,'019914,2014
,,96,9.1,'020901,2014
,,180,38.1,'020902,2014
,,2,3.9,'020904,2014
,,148,19.5,'020905,2014
,,10,6.9,'020906,2014
,,35,16.9,'020907,2014
,,276,20.8,'020908,2014
,,.,.,'020910,2014
,,5,17.9,'021803,2014
,,.,.,'021805,2014
,,160,23.1,'021901,2014
,,225,27.7,'021902,2014
,,1,14.3,'022004,2014
,,4,5.7,'022901,2014
,,0,0,'022902,2014
,,.,.,'022903,2014
,,1,7.1,'023902,2014
,,23,25.8,'024901,2014
,,9,11.1,'025901,2014
,,55,27.6,'025902,2014
,,7,41.2,'025904,2014
,,0,0,'025905,2014
,,0,0,'025906,2014
,,2,25,'025908,2014
,,13,16.7,'025909,2014
,,16,13.7,'026901,2014
,,18,46.2,'026902,2014
,,5,16.1,'026903,2014
,,31,14.2,'027903,2014
,,56,21.1,'027904,2014
,,72,22.5,'028902,2014
,,7,9,'028903,2014
,,3,25,'028906,2014
,,61,22.3,'029901,2014
,,0,0,'030901,2014
,,25,28.1,'030902,2014
,,3,15.8,'030903,2014
,,8,42.1,'030906,2014
,,0,0,'031803,2014
,,346,12.2,'031901,2014
,,169,14.7,'031903,2014
,,9,4.2,'031905,2014
,,23,3.6,'031906,2014
,,19,13.3,'031909,2014
,,32,24.4,'031911,2014
,,100,15.3,'031912,2014
,,5,14.3,'031913,2014
,,16,16.8,'031914,2014
,,29,5.1,'031916,2014
,,45,26.2,'032902,2014
,,0,0,'033901,2014
,,20,45.5,'033902,2014
,,3,11.1,'033904,2014
,,28,23,'034901,2014
,,5,55.6,'034902,2014
,,9,12.2,'034903,2014
,,15,24.6,'034905,2014
,,14,42.4,'034906,2014
,,10,11.8,'034907,2014
,,4,18.2,'034909,2014
,,6,9.7,'035901,2014
,,0,0,'035902,2014
,,0,0,'035903,2014
,,16,19.8,'036901,2014
,,28,9.7,'036902,2014
,,21,26.6,'036903,2014
,,9,27.3,'037901,2014
,,42,19.4,'037904,2014
,,55,43.3,'037907,2014
,,6,16.2,'037908,2014
,,6,31.6,'037909,2014
,,15,21.1,'038901,2014
,,15,20,'039902,2014
,,3,11.5,'039903,2014
,,2,16.7,'039904,2014
,,1,11.1,'039905,2014
,,4,20,'040901,2014
,,3,18.8,'040902,2014
,,3,15.8,'041901,2014
,,0,0,'041902,2014
,,10,19.6,'042901,2014
,,4,20,'042903,2014
,,3,27.3,'042905,2014
,,.,.,'043801,2014
,,125,9.6,'043901,2014
,,26,16.8,'043902,2014
,,11,7.4,'043903,2014
,,31,33,'043904,2014
,,287,12.8,'043905,2014
,,111,7.1,'043907,2014
,,14,15.4,'043908,2014
,,752,19.8,'043910,2014
,,57,27.3,'043911,2014
,,16,5.8,'043912,2014
,,141,17.6,'043914,2014
,,3,6.4,'043917,2014
,,9,7.2,'043918,2014
,,12,4.4,'043919,2014
,,2,6.5,'044902,2014
,,27,22.5,'045902,2014
,,40,43,'045903,2014
,,5,10,'045905,2014
,,.,.,'046802,2014
,,83,15,'046901,2014
,,94,7.6,'046902,2014
,,22,28.6,'047901,2014
,,6,17.6,'047902,2014
,,0,0,'047903,2014
,,1,11.1,'047905,2014
,,4,20,'048901,2014
,,2,11.8,'048903,2014
,,22,15.2,'049901,2014
,,6,17.6,'049902,2014
,,7,17.1,'049903,2014
,,7,8.9,'049905,2014
,,3,9.1,'049906,2014
,,2,5.4,'049907,2014
,,.,.,'049908,2014
,,.,.,'049909,2014
,,3,18.8,'050901,2014
,,36,18.8,'050902,2014
,,0,0,'050904,2014
,,0,0,'050909,2014
,,117,22.9,'050910,2014
,,3,18.8,'051901,2014
,,11,18,'052901,2014
,,14,32.6,'053001,2014
,,4,15.4,'054901,2014
,,3,23.1,'054902,2014
,,3,9.1,'054903,2014
,,4,10.5,'055901,2014
,,25,25,'056901,2014
,,2,20,'056902,2014
,,3,12,'057802,2014
,,0,0,'057803,2014
,,255,30.1,'057804,2014
,,.,.,'057805,2014
,,4,9.5,'057806,2014
,,14,11.2,'057807,2014
,,0,0,'057808,2014
,,.,.,'057809,2014
,,.,.,'057810,2014
,,.,.,'057813,2014
,,.,.,'057814,2014
,,3,6.7,'057815,2014
,,.,.,'057816,2014
,,.,.,'057817,2014
,,0,0,'057819,2014
,,0,0,'057825,2014
,,.,.,'057827,2014
,,336,88.7,'057828,2014
,,14,23,'057829,2014
,,.,.,'057830,2014
,,2,5,'057831,2014
,,10,41.7,'057832,2014
,,.,.,'057833,2014
,,83,60.1,'057834,2014
,,.,.,'057835,2014
,,.,.,'057836,2014
,,.,.,'057837,2014
,,0,0,'057838,2014
,,.,.,'057839,2014
,,10,5.3,'057840,2014
,,.,.,'057841,2014
,,0,0,'057842,2014
,,3,8.1,'057843,2014
,,.,.,'057844,2014
,,.,.,'057845,2014
,,.,.,'057846,2014
,,.,.,'057847,2014
,,.,.,'057848,2014
,,327,19.6,'057903,2014
,,71,12,'057904,2014
,,1232,16,'057905,2014
,,121,21.5,'057906,2014
,,269,33.8,'057907,2014
,,654,16.6,'057909,2014
,,301,18.4,'057910,2014
,,9,1.9,'057911,2014
,,565,28.1,'057912,2014
,,31,8.9,'057913,2014
,,526,21.1,'057914,2014
,,412,20.3,'057916,2014
,,2,2.4,'057919,2014
,,25,3.2,'057922,2014
,,1,12.5,'058902,2014
,,1,5.3,'058905,2014
,,19,21.8,'058906,2014
,,2,15.4,'058909,2014
,,69,28,'059901,2014
,,.,.,'059902,2014
,,18,35.3,'060902,2014
,,6,40,'060914,2014
,,14,38.9,'061802,2014
,,.,.,'061804,2014
,,130,9.6,'061901,2014
,,525,14.7,'061902,2014
,,14,13.5,'061903,2014
,,10,9,'061905,2014
,,16,17.4,'061906,2014
,,12,10,'061907,2014
,,33,20.1,'061908,2014
,,18,12,'061910,2014
,,144,15,'061911,2014
,,17,6,'061912,2014
,,61,17.9,'061914,2014
,,19,18.4,'062901,2014
,,1,20,'062902,2014
,,11,10.3,'062903,2014
,,13,35.1,'062904,2014
,,.,.,'062905,2014
,,.,.,'062906,2014
,,2,16.7,'063903,2014
,,1,33.3,'063906,2014
,,17,16.8,'064903,2014
,,10,24.4,'065901,2014
,,1,7.1,'065902,2014
,,.,.,'066005,2014
,,0,0,'066901,2014
,,26,30.2,'066902,2014
,,10,19.6,'066903,2014
,,20,29.9,'067902,2014
,,21,23.1,'067903,2014
,,5,31.3,'067904,2014
,,7,38.9,'067907,2014
,,1,9.1,'067908,2014
,,87,38.5,'068801,2014
,,.,.,'068802,2014
,,226,18.1,'068901,2014
,,5,23.8,'069901,2014
,,7,24.1,'069902,2014
,,0,0,'070801,2014
,,3,17.6,'070901,2014
,,87,25.2,'070903,2014
,,17,12.7,'070905,2014
,,8,17,'070907,2014
,,110,21.1,'070908,2014
,,2,15.4,'070909,2014
,,23,30.7,'070910,2014
,,84,18.1,'070911,2014
,,141,27.9,'070912,2014
,,11,14.1,'070915,2014
,,0,0,'071801,2014
,,26,25,'071803,2014
,,14,10,'071804,2014
,,0,0,'071806,2014
,,.,.,'071807,2014
,,.,.,'071809,2014
,,36,5.7,'071901,2014
,,254,6.4,'071902,2014
,,27,15.3,'071903,2014
,,34,13.9,'071904,2014
,,211,7.2,'071905,2014
,,1,2.9,'071906,2014
,,41,9.9,'071907,2014
,,16,19.3,'071908,2014
,,58,1.9,'071909,2014
,,454,43.2,'072801,2014
,,16,51.6,'072802,2014
,,.,.,'072901,2014
,,15,24.2,'072902,2014
,,41,18.6,'072903,2014
,,.,.,'072904,2014
,,0,0,'072908,2014
,,6,35.3,'072909,2014
,,.,.,'072910,2014
,,7,16.3,'073901,2014
,,24,42.1,'073903,2014
,,.,.,'073904,2014
,,10,16.4,'073905,2014
,,27,23.5,'074903,2014
,,2,11.1,'074904,2014
,,2,9.1,'074905,2014
,,13,32.5,'074907,2014
,,12,19,'074909,2014
,,4,20,'074911,2014
,,6,17.1,'074912,2014
,,5,12.2,'074917,2014
,,11,22.9,'075901,2014
,,31,20.1,'075902,2014
,,12,26.1,'075903,2014
,,2,13.3,'075906,2014
,,0,0,'075908,2014
,,3,15,'076903,2014
,,12,36.4,'076904,2014
,,6,11.3,'077901,2014
,,8,25.8,'077902,2014
,,3,13.6,'078901,2014
,,387,27.3,'079901,2014
,,31,17.8,'079906,2014
,,897,17.7,'079907,2014
,,36,17.2,'079910,2014
,,15,16,'080901,2014
,,27,22.9,'081902,2014
,,11,14.9,'081904,2014
,,11,23.4,'081905,2014
,,.,.,'081906,2014
,,10,19.6,'082902,2014
,,32,25.6,'082903,2014
,,13,34.2,'083901,2014
,,0,0,'083902,2014
,,43,28.9,'083903,2014
,,.,.,'084801,2014
,,.,.,'084802,2014
,,.,.,'084804,2014
,,0,0,'084805,2014
,,158,28.4,'084901,2014
,,88,19.2,'084902,2014
,,9,40.9,'084903,2014
,,28,18.5,'084904,2014
,,99,27.2,'084906,2014
,,8,14.8,'084908,2014
,,75,24.7,'084909,2014
,,602,21.5,'084910,2014
,,44,9.1,'084911,2014
,,9,20,'085902,2014
,,1,20,'085903,2014
,,.,.,'086024,2014
,,28,11.4,'086901,2014
,,8,16.3,'086902,2014
,,1,5.9,'087901,2014
,,10,13,'088902,2014
,,31,19,'089901,2014
,,6,13.3,'089903,2014
,,6,28.6,'089905,2014
,,0,0,'090902,2014
,,3,23.1,'090903,2014
,,49,22.9,'090904,2014
,,.,.,'090905,2014
,,9,22.5,'091901,2014
,,4,11.1,'091902,2014
,,90,31.9,'091903,2014
,,6,7.7,'091905,2014
,,76,22.4,'091906,2014
,,.,.,'091907,2014
,,8,8.3,'091908,2014
,,17,20.2,'091909,2014
,,21,42.9,'091910,2014
,,11,13.6,'091913,2014
,,7,11.5,'091914,2014
,,12,15.2,'091917,2014
,,13,21.7,'091918,2014
,,8,11.3,'092801,2014
,,19,14.2,'092901,2014
,,29,14.2,'092902,2014
,,122,23.6,'092903,2014
,,128,39.1,'092904,2014
,,19,25,'092906,2014
,,16,16.8,'092907,2014
,,41,43.6,'092908,2014
,,12,23.1,'093901,2014
,,9,25.7,'093903,2014
,,37,22.2,'093904,2014
,,0,0,'093905,2014
,,55,11.7,'094901,2014
,,58,5.7,'094902,2014
,,6,5.5,'094903,2014
,,30,33,'094904,2014
,,5,11.1,'095901,2014
,,0,0,'095902,2014
,,9,28.1,'095903,2014
,,3,15.8,'095904,2014
,,81,25.7,'095905,2014
,,8,25.8,'096904,2014
,,1,5.6,'096905,2014
,,22,41.5,'097902,2014
,,6,16.7,'097903,2014
,,6,17.6,'098901,2014
,,.,.,'098903,2014
,,9,18,'098904,2014
,,3,15,'099902,2014
,,7,23.3,'099903,2014
,,10,13.3,'100903,2014
,,40,23.3,'100904,2014
,,18,15.8,'100905,2014
,,53,21.9,'100907,2014
,,5,13.9,'100908,2014
,,.,.,'101801,2014
,,.,.,'101802,2014
,,.,.,'101803,2014
,,9,9.7,'101804,2014
,,0,0,'101805,2014
,,14,24.6,'101806,2014
,,.,.,'101807,2014
,,9,45,'101809,2014
,,.,.,'101810,2014
,,.,.,'101811,2014
,,0,0,'101813,2014
,,.,.,'101814,2014
,,.,.,'101815,2014
,,.,.,'101819,2014
,,40,47.1,'101821,2014
,,17,81,'101822,2014
,,1,5.6,'101828,2014
,,.,.,'101829,2014
,,.,.,'101833,2014
,,7,14.9,'101837,2014
,,14,17.1,'101838,2014
,,.,.,'101840,2014
,,6,30,'101842,2014
,,2,0.7,'101845,2014
,,3,3.6,'101846,2014
,,0,0,'101847,2014
,,.,.,'101848,2014
,,.,.,'101849,2014
,,.,.,'101850,2014
,,.,.,'101853,2014
,,33,71.7,'101854,2014
,,.,.,'101855,2014
,,.,.,'101856,2014
,,0,0,'101858,2014
,,.,.,'101859,2014
,,.,.,'101861,2014
,,.,.,'101862,2014
,,.,.,'101863,2014
,,.,.,'101864,2014
,,45,43.3,'101865,2014
,,.,.,'101866,2014
,,.,.,'101867,2014
,,.,.,'101868,2014
,,.,.,'101869,2014
,,722,23.7,'101902,2014
,,352,13.7,'101903,2014
,,72,15,'101905,2014
,,10,3,'101906,2014
,,1882,27,'101907,2014
,,252,29.5,'101908,2014
,,347,22.7,'101910,2014
,,107,7.9,'101911,2014
,,1915,20.2,'101912,2014
,,509,19.9,'101913,2014
,,752,17.7,'101914,2014
,,699,22.5,'101915,2014
,,155,28.5,'101916,2014
,,884,29.5,'101917,2014
,,280,13.9,'101919,2014
,,418,20.8,'101920,2014
,,133,19.2,'101921,2014
,,108,28.6,'101924,2014
,,15,8.1,'101925,2014
,,3,37.5,'102901,2014
,,107,36.4,'102902,2014
,,14,22.2,'102903,2014
,,51,19.1,'102904,2014
,,8,17.4,'102905,2014
,,15,26.3,'102906,2014
,,2,12.5,'103901,2014
,,1,7.7,'103902,2014
,,6,16.2,'104901,2014
,,1,16.7,'104903,2014
,,4,44.4,'104907,2014
,,6,20,'105801,2014
,,.,.,'105802,2014
,,72,14.8,'105902,2014
,,32,10,'105904,2014
,,18,12.1,'105905,2014
,,166,18.8,'105906,2014
,,9,20.5,'106901,2014
,,21,11,'107901,2014
,,36,21.2,'107902,2014
,,8,16.3,'107904,2014
,,25,30.1,'107905,2014
,,8,12.7,'107906,2014
,,2,40,'107907,2014
,,.,.,'107908,2014
,,7,25.9,'107910,2014
,,42,18.9,'108801,2014
,,.,.,'108802,2014
,,10,8,'108804,2014
,,3,0.7,'108807,2014
,,1,6.3,'108808,2014
,,.,.,'108809,2014
,,58,7.9,'108902,2014
,,30,9.3,'108903,2014
,,152,7.7,'108904,2014
,,7,3.1,'108905,2014
,,102,6.9,'108906,2014
,,18,5.4,'108907,2014
,,65,7.7,'108908,2014
,,111,5.7,'108909,2014
,,6,5.3,'108910,2014
,,20,2.8,'108911,2014
,,91,5.7,'108912,2014
,,136,13.4,'108913,2014
,,5,11.6,'108914,2014
,,3,5.8,'108915,2014
,,20,7,'108916,2014
,,6,26.1,'109901,2014
,,4,20,'109902,2014
,,0,0,'109903,2014
,,21,22.3,'109904,2014
,,7,20,'109905,2014
,,13,27.1,'109907,2014
,,.,.,'109908,2014
,,4,50,'109910,2014
,,14,14.1,'109911,2014
,,1,4.8,'109912,2014
,,4,15.4,'109913,2014
,,4,28.6,'109914,2014
,,4,23.5,'110901,2014
,,32,20.4,'110902,2014
,,2,7.4,'110905,2014
,,4,20,'110906,2014
,,12,25,'110907,2014
,,2,14.3,'110908,2014
,,71,17.9,'111901,2014
,,4,26.7,'111902,2014
,,5,8.8,'111903,2014
,,64,27,'112901,2014
,,10,22.2,'112905,2014
,,12,38.7,'112906,2014
,,1,5.6,'112907,2014
,,11,21.6,'112908,2014
,,7,31.8,'112909,2014
,,1,5.6,'112910,2014
,,28,33.7,'113901,2014
,,2,5.7,'113902,2014
,,5,16.7,'113903,2014
,,3,8.8,'113905,2014
,,3,12.5,'113906,2014
,,42,17.8,'114901,2014
,,8,14,'114902,2014
,,3,8.3,'114904,2014
,,1,2.9,'115901,2014
,,4,26.7,'115902,2014
,,1,25,'115903,2014
,,1,6.7,'116801,2014
,,33,32,'116901,2014
,,16,32.7,'116902,2014
,,13,11.2,'116903,2014
,,85,30.2,'116905,2014
,,14,23.7,'116906,2014
,,37,25.7,'116908,2014
,,1,3,'116909,2014
,,4,21.1,'116910,2014
,,5,15.6,'116915,2014
,,15,40.5,'116916,2014
,,30,19,'117901,2014
,,27,52.9,'117903,2014
,,10,23.8,'117904,2014
,,.,.,'117907,2014
,,2,8.3,'118902,2014
,,0,0,'119901,2014
,,14,24.1,'119902,2014
,,5,19.2,'119903,2014
,,24,23.3,'120901,2014
,,6,15.8,'120902,2014
,,12,15.8,'120905,2014
,,2,10.5,'121902,2014
,,25,24.8,'121903,2014
,,40,25,'121904,2014
,,36,40.4,'121905,2014
,,1,3.3,'121906,2014
,,2,13.3,'122901,2014
,,0,0,'122902,2014
,,1,5,'123803,2014
,,.,.,'123805,2014
,,2,13.3,'123807,2014
,,59,18,'123905,2014
,,46,10.7,'123907,2014
,,64,20.3,'123908,2014
,,303,25.1,'123910,2014
,,1,3.6,'123913,2014
,,16,13.6,'123914,2014
,,17,24.6,'124901,2014
,,44,15.8,'125901,2014
,,12,24.5,'125902,2014
,,37,27.2,'125903,2014
,,6,16.2,'125905,2014
,,.,.,'125906,2014
,,44,18.6,'126901,2014
,,165,24.2,'126902,2014
,,83,20.5,'126903,2014
,,8,8.9,'126904,2014
,,42,13.8,'126905,2014
,,21,34.4,'126906,2014
,,9,19.1,'126907,2014
,,23,20,'126908,2014
,,8,9.8,'126911,2014
,,13,24.5,'127901,2014
,,14,60.9,'127903,2014
,,11,22.4,'127904,2014
,,.,.,'127905,2014
,,9,15.8,'127906,2014
,,4,6.2,'128901,2014
,,11,26.2,'128902,2014
,,3,12.5,'128903,2014
,,3,8.8,'128904,2014
,,36,18.9,'129901,2014
,,59,10.8,'129902,2014
,,49,21.5,'129903,2014
,,20,24.1,'129904,2014
,,17,7.2,'129905,2014
,,27,12.2,'129906,2014
,,22,36.7,'129910,2014
,,11,78.6,'130801,2014
,,72,12.7,'130901,2014
,,8,10.4,'130902,2014
,,.,.,'131001,2014
,,0,0,'132902,2014
,,7,14.6,'133901,2014
,,.,.,'133902,2014
,,103,30.7,'133903,2014
,,12,14.6,'133904,2014
,,.,.,'133905,2014
,,10,20,'134901,2014
,,0,0,'135001,2014
,,8,21.1,'136901,2014
,,18,8.5,'137901,2014
,,.,.,'137902,2014
,,8,14,'137903,2014
,,1,1.8,'137904,2014
,,7,58.3,'138902,2014
,,3,8.8,'138903,2014
,,1,33.3,'138904,2014
,,19,32.8,'139905,2014
,,7,28,'139908,2014
,,53,31,'139909,2014
,,106,48.2,'139911,2014
,,24,26.7,'139912,2014
,,4,33.3,'140901,2014
,,17,20.2,'140904,2014
,,10,23.8,'140905,2014
,,6,20,'140907,2014
,,3,9.7,'140908,2014
,,41,19,'141901,2014
,,3,13.6,'141902,2014
,,11,17.7,'142901,2014
,,3,4.1,'143901,2014
,,1,6.3,'143902,2014
,,4,9.1,'143903,2014
,,.,.,'143904,2014
,,.,.,'143905,2014
,,.,.,'143906,2014
,,9,6,'144901,2014
,,13,21.7,'144902,2014
,,3,42.9,'144903,2014
,,20,37,'145901,2014
,,12,21.8,'145902,2014
,,10,27.8,'145906,2014
,,2,11.8,'145907,2014
,,16,34,'145911,2014
,,51,32.5,'146901,2014
,,36,10.7,'146902,2014
,,.,.,'146903,2014
,,2,2.6,'146904,2014
,,2,4.7,'146905,2014
,,18,15.4,'146906,2014
,,50,35.7,'146907,2014
,,5,25,'147901,2014
,,36,28.6,'147902,2014
,,19,15.7,'147903,2014
,,1,4.5,'148901,2014
,,2,14.3,'148902,2014
,,2,40,'148903,2014
,,3,20,'148905,2014
,,1,1.1,'149901,2014
,,9,19.1,'149902,2014
,,18,18.6,'150901,2014
,,.,.,'152802,2014
,,27,32.1,'152803,2014
,,1,20,'152805,2014
,,350,22.2,'152901,2014
,,6,12.5,'152902,2014
,,9,11.8,'152903,2014
,,21,10.3,'152906,2014
,,27,5.6,'152907,2014
,,10,16.4,'152908,2014
,,15,14,'152909,2014
,,8,11.8,'152910,2014
,,1,9.1,'153903,2014
,,1,3.4,'153904,2014
,,0,0,'153905,2014
,,3,27.3,'153907,2014
,,23,14.7,'154901,2014
,,1,8.3,'154903,2014
,,12,14.6,'155901,2014
,,7,14.6,'156902,2014
,,1,4.3,'156905,2014
,,6,13.6,'157901,2014
,,55,25,'158901,2014
,,5,11.4,'158902,2014
,,.,.,'158904,2014
,,7,6.4,'158905,2014
,,19,31.7,'158906,2014
,,142,14.7,'159901,2014
,,29,40.8,'160901,2014
,,6,31.6,'160904,2014
,,1,9.1,'160905,2014
,,.,.,'161801,2014
,,4,19,'161802,2014
,,0,0,'161807,2014
,,4,8.7,'161901,2014
,,92,17.7,'161903,2014
,,39,24.8,'161906,2014
,,30,26.1,'161907,2014
,,8,18.2,'161908,2014
,,35,44.9,'161909,2014
,,12,27.9,'161910,2014
,,7,15.9,'161912,2014
,,210,27.2,'161914,2014
,,11,9.3,'161916,2014
,,9,17.6,'161918,2014
,,19,30.2,'161919,2014
,,47,25.8,'161920,2014
,,31,21.4,'161921,2014
,,42,27.3,'161922,2014
,,3,7,'161923,2014
,,.,.,'161924,2014
,,1,50,'161925,2014
,,4,23.5,'162904,2014
,,20,14.9,'163901,2014
,,2,10.5,'163902,2014
,,10,16.1,'163903,2014
,,16,11,'163904,2014
,,20,8.4,'163908,2014
,,3,12.5,'164901,2014
,,.,.,'165802,2014
,,301,24.1,'165901,2014
,,29,27.6,'165902,2014
,,4,4.4,'166901,2014
,,.,.,'166902,2014
,,11,42.3,'166903,2014
,,27,33.8,'166904,2014
,,5,9.1,'166905,2014
,,4,30.8,'166907,2014
,,4,8.9,'167901,2014
,,1,12.5,'167902,2014
,,1,12.5,'167903,2014
,,0,0,'167904,2014
,,23,31.1,'168901,2014
,,1,16.7,'168902,2014
,,4,25,'168903,2014
,,10,10.5,'169901,2014
,,10,21.7,'169902,2014
,,1,7.1,'169906,2014
,,.,.,'169908,2014
,,3,30,'169909,2014
,,2,33.3,'169910,2014
,,2,13.3,'169911,2014
,,.,.,'170801,2014
,,397,12,'170902,2014
,,94,20.9,'170903,2014
,,36,10.7,'170904,2014
,,247,30.8,'170906,2014
,,48,21.8,'170907,2014
,,56,8.9,'170908,2014
,,61,23.6,'171901,2014
,,5,14.7,'171902,2014
,,18,21.4,'172902,2014
,,10,15.9,'172905,2014
,,1,9.1,'173901,2014
,,.,.,'174801,2014
,,4,20,'174901,2014
,,7,14.9,'174902,2014
,,11,27.5,'174903,2014
,,103,28.3,'174904,2014
,,11,21.2,'174906,2014
,,7,15.2,'174908,2014
,,8,29.6,'174909,2014
,,.,.,'174910,2014
,,2,11.8,'174911,2014
,,9,16.1,'175902,2014
,,47,14.8,'175903,2014
,,6,20.7,'175904,2014
,,6,28.6,'175905,2014
,,7,17.9,'175907,2014
,,5,9.3,'175910,2014
,,10,22.2,'175911,2014
,,10,55.6,'176901,2014
,,11,15.9,'176902,2014
,,6,13.3,'176903,2014
,,3,10.7,'177901,2014
,,31,25.4,'177902,2014
,,0,0,'177903,2014
,,4,26.7,'177905,2014
,,3,50,'178801,2014
,,67,71.3,'178804,2014
,,.,.,'178807,2014
,,.,.,'178808,2014
,,7,25.9,'178901,2014
,,4,4.6,'178902,2014
,,33,12.5,'178903,2014
,,731,32.3,'178904,2014
,,.,.,'178905,2014
,,.,.,'178906,2014
,,7,14,'178908,2014
,,62,36.9,'178909,2014
,,44,15,'178912,2014
,,9,16.1,'178913,2014
,,54,13.7,'178914,2014
,,17,13.7,'178915,2014
,,52,37.1,'179901,2014
,,2,4.9,'180901,2014
,,3,9.7,'180902,2014
,,1,20,'180903,2014
,,.,.,'180904,2014
,,22,13.9,'181901,2014
,,27,23.9,'181905,2014
,,13,8.7,'181906,2014
,,122,33.2,'181907,2014
,,66,27.5,'181908,2014
,,4,19,'182901,2014
,,2,14.3,'182902,2014
,,65,27.9,'182903,2014
,,26,56.5,'182904,2014
,,1,10,'182905,2014
,,.,.,'182906,2014
,,1,3.1,'183801,2014
,,11,26.8,'183901,2014
,,55,34.4,'183902,2014
,,10,31.3,'183904,2014
,,20,47.6,'184801,2014
,,1,3,'184901,2014
,,64,29.8,'184902,2014
,,60,11.9,'184903,2014
,,7,14.9,'184904,2014
,,59,16.9,'184907,2014
,,13,17.3,'184908,2014
,,11,18.3,'184909,2014
,,.,.,'184911,2014
,,5,15.2,'185901,2014
,,2,5.7,'185902,2014
,,5,6.3,'185903,2014
,,2,16.7,'185904,2014
,,1,16.7,'186901,2014
,,8,5.8,'186902,2014
,,2,7.1,'186903,2014
,,6,13.6,'187901,2014
,,7,41.2,'187903,2014
,,8,13.6,'187904,2014
,,2,15.4,'187906,2014
,,48,19.2,'187907,2014
,,8,17,'187910,2014
,,36,63.2,'188801,2014
,,424,23.7,'188901,2014
,,21,24.1,'188902,2014
,,5,10.4,'188903,2014
,,12,14.6,'188904,2014
,,5,19.2,'189901,2014
,,21,21.9,'189902,2014
,,8,7.8,'190903,2014
,,131,20.9,'191901,2014
,,3,7.7,'192901,2014
,,6,66.7,'193801,2014
,,2,12.5,'193902,2014
,,5,13.5,'194902,2014
,,12,25.5,'194903,2014
,,10,20.8,'194904,2014
,,20,60.6,'194905,2014
,,15,11.5,'195901,2014
,,2,20,'195902,2014
,,1,14.3,'196901,2014
,,15,46.9,'196902,2014
,,8,15.4,'196903,2014
,,2,15.4,'197902,2014
,,8,23.5,'198901,2014
,,1,8.3,'198902,2014
,,7,10.8,'198903,2014
,,16,24.6,'198905,2014
,,1,3,'198906,2014
,,192,20.1,'199901,2014
,,72,24.2,'199902,2014
,,9,17,'200901,2014
,,6,14,'200902,2014
,,7,16.7,'200904,2014
,,.,.,'200906,2014
,,48,24,'201902,2014
,,2,28.6,'201903,2014
,,9,52.9,'201904,2014
,,6,18.8,'201907,2014
,,7,18.9,'201908,2014
,,14,15.2,'201910,2014
,,5,13.9,'201913,2014
,,13,21.7,'201914,2014
,,13,23.2,'202903,2014
,,14,35.9,'202905,2014
,,9,16.4,'203901,2014
,,8,24.2,'203902,2014
,,29,22,'204901,2014
,,28,24.3,'204904,2014
,,24,20.7,'205901,2014
,,25,8.5,'205902,2014
,,30,24,'205903,2014
,,10,11,'205904,2014
,,13,18.1,'205905,2014
,,18,12.8,'205906,2014
,,11,15.9,'205907,2014
,,9,17,'206901,2014
,,4,25,'206902,2014
,,5,41.7,'206903,2014
,,7,15.6,'207901,2014
,,4,28.6,'208901,2014
,,48,29.1,'208902,2014
,,1,7.7,'208903,2014
,,19,36.5,'209901,2014
,,3,27.3,'209902,2014
,,14,9.9,'210901,2014
,,4,8.9,'210902,2014
,,2,4.8,'210903,2014
,,7,30.4,'210904,2014
,,8,22.9,'210905,2014
,,.,.,'210906,2014
,,.,.,'211901,2014
,,7,20,'211902,2014
,,.,.,'212801,2014
,,9,90,'212803,2014
,,.,.,'212804,2014
,,9,14.1,'212901,2014
,,22,17.3,'212902,2014
,,102,39.5,'212903,2014
,,4,5.8,'212904,2014
,,231,24.1,'212905,2014
,,75,22.9,'212906,2014
,,34,14.7,'212909,2014
,,8,13.3,'212910,2014
,,58,82.9,'213801,2014
,,34,25.2,'213901,2014
,,52,7.3,'214901,2014
,,1,5,'214902,2014
,,27,7.5,'214903,2014
,,9,12.3,'215901,2014
,,0,0,'216901,2014
,,3,18.8,'217901,2014
,,0,0,'218901,2014
,,5,33.3,'219901,2014
,,8,12.1,'219903,2014
,,3,18.8,'219905,2014
,,2,20,'220801,2014
,,.,.,'220802,2014
,,0,0,'220809,2014
,,0,0,'220810,2014
,,.,.,'220811,2014
,,30,73.2,'220812,2014
,,1,2.2,'220813,2014
,,.,.,'220814,2014
,,.,.,'220815,2014
,,0,0,'220816,2014
,,.,.,'220817,2014
,,1,6.7,'220818,2014
,,992,26.4,'220901,2014
,,363,24.7,'220902,2014
,,15,5.5,'220904,2014
,,563,15.4,'220905,2014
,,151,13.7,'220906,2014
,,395,18.2,'220907,2014
,,485,22.5,'220908,2014
,,20,15.3,'220910,2014
,,199,20,'220912,2014
,,45,19.9,'220914,2014
,,62,16,'220915,2014
,,178,12.5,'220916,2014
,,42,24.1,'220917,2014
,,206,20.6,'220918,2014
,,38,6.5,'220919,2014
,,120,29.9,'220920,2014
,,84,35.7,'221801,2014
,,228,23.2,'221901,2014
,,12,17.6,'221904,2014
,,3,21.4,'221905,2014
,,34,41,'221911,2014
,,22,11.1,'221912,2014
,,1,20,'222901,2014
,,39,34.8,'223901,2014
,,2,10.5,'223902,2014
,,1,7.1,'223904,2014
,,1,5.6,'224901,2014
,,1,10,'224902,2014
,,68,21.5,'225902,2014
,,.,.,'225905,2014
,,10,13.7,'225906,2014
,,.,.,'225907,2014
,,4,17.4,'226801,2014
,,11,37.9,'226901,2014
,,288,33.1,'226903,2014
,,5,20,'226905,2014
,,16,21.6,'226906,2014
,,11,15.7,'226907,2014
,,0,0,'226908,2014
,,38,97.4,'227801,2014
,,.,.,'227803,2014
,,3,11.5,'227804,2014
,,.,.,'227805,2014
,,26,76.5,'227806,2014
,,4,21.1,'227814,2014
,,0,0,'227816,2014
,,.,.,'227817,2014
,,.,.,'227819,2014
,,3,4.2,'227820,2014
,,.,.,'227821,2014
,,.,.,'227824,2014
,,.,.,'227825,2014
,,940,22.2,'227901,2014
,,272,18.5,'227904,2014
,,79,21.2,'227907,2014
,,41,6.9,'227909,2014
,,91,14.9,'227910,2014
,,13,13.4,'227912,2014
,,34,6.9,'227913,2014
,,17,35.4,'228901,2014
,,0,0,'228903,2014
,,1,25,'228904,2014
,,2,11.1,'228905,2014
,,6,17.1,'229901,2014
,,10,15.9,'229903,2014
,,18,22.8,'229904,2014
,,10,45.5,'229905,2014
,,1,7.1,'229906,2014
,,7,15.6,'230901,2014
,,26,18.3,'230902,2014
,,12,27.9,'230903,2014
,,6,30,'230904,2014
,,10,11.6,'230905,2014
,,4,5.5,'230906,2014
,,13,26,'230908,2014
,,2,6.7,'231901,2014
,,2,10,'231902,2014
,,0,0,'232901,2014
,,3,10.7,'232902,2014
,,50,19.6,'232903,2014
,,6,46.2,'232904,2014
,,163,25.5,'233901,2014
,,0,0,'233903,2014
,,9,40.9,'234801,2014
,,36,25.5,'234902,2014
,,3,6,'234903,2014
,,22,32.8,'234904,2014
,,3,13.6,'234905,2014
,,15,10.5,'234906,2014
,,40,22.1,'234907,2014
,,5,18.5,'234909,2014
,,28,51.9,'235901,2014
,,178,23.8,'235902,2014
,,.,.,'235904,2014
,,10,83.3,'236801,2014
,,22,39.3,'236901,2014
,,54,13.7,'236902,2014
,,20,24.1,'237902,2014
,,73,20.9,'237904,2014
,,25,22.3,'237905,2014
,,11,8.7,'238902,2014
,,1,25,'238904,2014
,,89,28.6,'239901,2014
,,0,0,'239903,2014
,,31,16.9,'240801,2014
,,117,10.2,'240901,2014
,,219,8.1,'240903,2014
,,5,13.9,'240904,2014
,,18,33.3,'241901,2014
,,12,21.8,'241902,2014
,,57,26.6,'241903,2014
,,34,28.8,'241904,2014
,,8,26.7,'241906,2014
,,7,35,'242902,2014
,,4,16,'242903,2014
,,0,0,'242905,2014
,,7,53.8,'242906,2014
,,1,11.1,'243801,2014
,,46,26.7,'243901,2014
,,16,50,'243902,2014
,,9,7.3,'243903,2014
,,182,20.7,'243905,2014
,,3,5.3,'243906,2014
,,0,0,'244901,2014
,,14,11,'244903,2014
,,3,17.6,'244905,2014
,,2,7.7,'245901,2014
,,19,17.4,'245902,2014
,,16,13.3,'245903,2014
,,1,5,'245904,2014
,,.,.,'246801,2014
,,16,21.3,'246902,2014
,,113,16.3,'246904,2014
,,4,10.8,'246905,2014
,,40,11.9,'246906,2014
,,9,13.2,'246907,2014
,,29,17.4,'246908,2014
,,462,15.8,'246909,2014
,,48,22.1,'246911,2014
,,5,13.2,'246912,2014
,,334,16.1,'246913,2014
,,.,.,'246914,2014
,,107,33.3,'247901,2014
,,13,6.5,'247903,2014
,,9,14.3,'247904,2014
,,21,34.4,'247906,2014
,,8,12.5,'248901,2014
,,1,4.3,'248902,2014
,,13,35.1,'249901,2014
,,8,9.4,'249902,2014
,,46,35.7,'249903,2014
,,8,17.4,'249904,2014
,,30,16.1,'249905,2014
,,8,9.3,'249906,2014
,,3,12.5,'249908,2014
,,11,19.3,'250902,2014
,,9,8.2,'250903,2014
,,26,28,'250904,2014
,,2,8.7,'250905,2014
,,9,17.3,'250906,2014
,,28,23.7,'250907,2014
,,18,19.8,'251901,2014
,,3,11.1,'251902,2014
,,28,17.6,'252901,2014
,,2,28.6,'252902,2014
,,7,19.4,'252903,2014
,,34,16,'253901,2014
,,11,9.7,'254901,2014
,,12,29.3,'254902,2014
,,55398,18.4,'1,2014
