DISTRICT,DPEMALLC,DPEMALLP,YEAR
'001902,76,12.8,2012
'001903,178,14.3,2012
'001904,134,17.6,2012
'001906,47,12.8,2012
'001907,646,20.2,2012
'001908,321,18.7,2012
'001909,56,14.7,2012
'002901,476,15.5,2012
'003801,55,12.9,2012
'003902,347,13.6,2012
'003903,1260,15.9,2012
'003904,311,17.7,2012
'003905,256,14.4,2012
'003906,80,17.3,2012
'003907,229,14.9,2012
'004901,513,16.9,2012
'005901,66,13.4,2012
'005902,72,8.4,2012
'005904,32,7.2,2012
'006902,41,12.1,2012
'007901,111,20.6,2012
'007902,399,26.4,2012
'007904,246,14.7,2012
'007905,616,17.9,2012
'007906,224,13.4,2012
'008901,195,9.5,2012
'008902,300,11.7,2012
'008903,115,14.4,2012
'009901,214,15.5,2012
'010901,65,20.8,2012
'010902,346,14.5,2012
'011901,1703,18.8,2012
'011902,587,15.4,2012
'011904,219,13.3,2012
'011905,45,25.3,2012
'012901,91,16.6,2012
'013801,26,8.3,2012
'013901,576,16.8,2012
'013902,14,10.1,2012
'013903,99,23.3,2012
'013905,114,14.2,2012
'014801,222,73.3,2012
'014802,120,81.1,2012
'014803,78,42.4,2012
'014804,662,74.4,2012
'014901,125,11.7,2012
'014902,60,17.4,2012
'014903,1346,15.1,2012
'014905,53,9.8,2012
'014906,12771,30.9,2012
'014907,88,10.6,2012
'014908,129,9.8,2012
'014909,2286,26.3,2012
'014910,216,16.7,2012
'015801,544,76.7,2012
'015802,307,53.7,2012
'015803,63,18.9,2012
'015805,142,22.5,2012
'015806,315,21.2,2012
'015807,784,67,2012
'015808,1763,94,2012
'015809,51,20.2,2012
'015814,136,63,2012
'015815,177,22,2012
'015816,85,40.3,2012
'015817,629,80.8,2012
'015819,300,29.3,2012
'015820,162,36.3,2012
'015822,859,58.9,2012
'015823,100,70.9,2012
'015825,43,23.1,2012
'015826,94,12.1,2012
'015827,173,21.4,2012
'015828,269,27.1,2012
'015830,272,32,2012
'015831,61,16.4,2012
'015832,39,25.7,2012
'015833,47,27.2,2012
'015901,309,6.8,2012
'015904,3311,22.8,2012
'015905,2723,23.8,2012
'015906,148,13,2012
'015907,15090,27.4,2012
'015908,2193,22.6,2012
'015909,644,18.1,2012
'015910,12690,18.7,2012
'015911,1697,18,2012
'015912,2207,18.6,2012
'015913,303,31.6,2012
'015914,411,28.5,2012
'015915,18351,19.1,2012
'015916,5460,23.8,2012
'015917,1179,22.2,2012
'016901,74,10.7,2012
'016902,72,8.1,2012
'017901,7,3.4,2012
'018901,145,13.4,2012
'018902,79,15.3,2012
'018903,32,26.9,2012
'018904,125,19.4,2012
'018905,35,18.9,2012
'018906,28,20.9,2012
'018907,57,22.6,2012
'018908,34,29.6,2012
'019901,134,17.6,2012
'019902,124,13.5,2012
'019903,89,17.8,2012
'019905,252,18.4,2012
'019906,160,14.5,2012
'019907,1210,18,2012
'019908,500,19.3,2012
'019909,87,16,2012
'019910,11,12.2,2012
'019911,32,7.4,2012
'019912,228,12.3,2012
'019913,10,11.8,2012
'019914,16,15.7,2012
'020901,2587,15.5,2012
'020902,1475,22.4,2012
'020904,70,9.5,2012
'020905,2423,19.1,2012
'020906,209,11,2012
'020907,450,15.3,2012
'020908,1742,9.7,2012
'020910,32,19.3,2012
'021803,185,41.9,2012
'021805,0,.,2012
'021901,1209,12.3,2012
'021902,3438,21.9,2012
'022004,22,19,2012
'022901,108,10.6,2012
'022902,8,16.3,2012
'022903,10,43.5,2012
'023902,17,10.3,2012
'024901,179,12.9,2012
'025901,193,17.7,2012
'025902,825,23.1,2012
'025904,49,22.5,2012
'025905,40,15.3,2012
'025906,44,20.7,2012
'025908,45,26,2012
'025909,183,14.6,2012
'026901,220,12.3,2012
'026902,124,25.7,2012
'026903,53,11.3,2012
'027903,457,14.2,2012
'027904,610,15.6,2012
'028902,675,15,2012
'028903,201,14.8,2012
'028906,51,22.7,2012
'029901,636,15.6,2012
'030901,39,11.5,2012
'030902,261,18,2012
'030903,76,23.8,2012
'030906,75,19.6,2012
'031803,32,8,2012
'031901,8116,17.1,2012
'031903,3821,20.8,2012
'031905,513,15.2,2012
'031906,1376,14.5,2012
'031909,266,11.7,2012
'031911,213,10.1,2012
'031912,2577,22.7,2012
'031913,159,23.9,2012
'031914,210,18,2012
'031916,414,12.2,2012
'032902,268,11.4,2012
'033901,6,5,2012
'033902,54,8.6,2012
'033904,39,11.1,2012
'034901,226,13.3,2012
'034902,28,20,2012
'034903,143,13.9,2012
'034905,117,15,2012
'034906,49,11.2,2012
'034907,157,15.4,2012
'034909,47,17.6,2012
'035901,188,16.4,2012
'035902,40,15.2,2012
'035903,8,3.5,2012
'036901,217,17.2,2012
'036902,451,10.9,2012
'036903,186,14.7,2012
'037901,92,14.4,2012
'037904,629,13.8,2012
'037907,259,13,2012
'037908,58,13,2012
'037909,52,16.5,2012
'038901,161,14.9,2012
'039901,21,25,2012
'039902,123,13.4,2012
'039903,58,13.2,2012
'039904,29,16.1,2012
'039905,19,17.6,2012
'040901,80,18.8,2012
'040902,39,14,2012
'041901,46,15.1,2012
'041902,35,14.6,2012
'042901,162,18.1,2012
'042903,52,20.2,2012
'042905,32,20.5,2012
'042906,39,40.6,2012
'043901,1362,7.6,2012
'043902,282,13,2012
'043903,153,8.2,2012
'043904,180,12.7,2012
'043905,2984,8.5,2012
'043907,3239,13.6,2012
'043908,190,13.5,2012
'043910,5339,10.1,2012
'043911,544,17.5,2012
'043912,414,10.2,2012
'043914,1246,10.5,2012
'043917,90,14.8,2012
'043918,205,12.9,2012
'043919,125,3.8,2012
'044902,72,14.4,2012
'044904,45,52.9,2012
'045902,176,11.9,2012
'045903,137,11.4,2012
'045905,56,10.5,2012
'046802,1120,96.3,2012
'046901,1230,15.6,2012
'046902,2714,15.7,2012
'047901,154,13.3,2012
'047902,93,14.1,2012
'047903,25,12.4,2012
'047905,16,14.5,2012
'048901,62,22.9,2012
'048903,46,29.3,2012
'049901,505,19.2,2012
'049902,19,4.5,2012
'049903,68,11,2012
'049905,154,13.4,2012
'049906,54,12.7,2012
'049907,17,3.3,2012
'049908,17,29.8,2012
'049909,10,16.1,2012
'050901,53,21.5,2012
'050902,342,12.4,2012
'050904,28,18.3,2012
'050909,32,21.1,2012
'050910,1608,21.1,2012
'051901,29,13.4,2012
'052901,136,14.4,2012
'053001,62,9.2,2012
'054901,51,13.2,2012
'054902,85,26.9,2012
'054903,108,21.1,2012
'055901,81,18,2012
'056901,295,18.3,2012
'056902,29,17.6,2012
'057802,69,12,2012
'057803,48,3.6,2012
'057804,2779,76.6,2012
'057805,5,6.8,2012
'057806,287,20.2,2012
'057807,330,9.6,2012
'057808,75,6.2,2012
'057809,21,11.4,2012
'057810,67,20.9,2012
'057811,42,14.3,2012
'057813,125,10.7,2012
'057814,2834,99.5,2012
'057815,166,16.4,2012
'057816,27,3.1,2012
'057817,75,11.8,2012
'057819,51,41.5,2012
'057825,566,43.4,2012
'057827,31,12.7,2012
'057828,2568,79.8,2012
'057829,48,5.4,2012
'057830,40,5,2012
'057831,49,7.1,2012
'057832,155,57.4,2012
'057833,50,24.5,2012
'057834,564,80,2012
'057835,98,20.5,2012
'057836,17,6.7,2012
'057837,21,6.7,2012
'057838,91,8.8,2012
'057839,37,11.5,2012
'057840,109,24.1,2012
'057841,23,28,2012
'057842,121,12.8,2012
'057843,95,13.7,2012
'057844,48,15.4,2012
'057903,4744,18.4,2012
'057904,1256,15.4,2012
'057905,37372,24,2012
'057906,1846,19.7,2012
'057907,2162,16.8,2012
'057909,8532,15.1,2012
'057910,5977,22,2012
'057911,197,3.2,2012
'057912,5916,18,2012
'057913,1436,23.1,2012
'057914,6713,17.7,2012
'057916,6282,17.9,2012
'057919,73,6.7,2012
'057922,682,7,2012
'058902,20,13.3,2012
'058905,39,17.1,2012
'058906,329,18.4,2012
'058909,52,22.6,2012
'059901,579,14.7,2012
'059902,16,14.5,2012
'060902,139,17.6,2012
'060914,40,22.5,2012
'061802,288,36.4,2012
'061803,290,92.7,2012
'061804,0,.,2012
'061901,3446,14.9,2012
'061902,5371,10.9,2012
'061903,164,11.3,2012
'061905,201,12.4,2012
'061906,198,16,2012
'061907,215,11.9,2012
'061908,364,14.5,2012
'061910,119,6.7,2012
'061911,1903,12.7,2012
'061912,365,9.4,2012
'061914,759,13.2,2012
'062901,263,14.6,2012
'062902,20,18.7,2012
'062903,149,10.3,2012
'062904,70,13.3,2012
'062905,16,38.1,2012
'062906,7,4.7,2012
'063903,56,19,2012
'063906,28,28.6,2012
'064903,327,15.2,2012
'065901,74,15.4,2012
'065902,18,13.7,2012
'066005,4,14.8,2012
'066901,32,8.8,2012
'066902,254,19.1,2012
'066903,109,13.5,2012
'067902,183,22,2012
'067903,189,16.7,2012
'067904,56,17,2012
'067907,112,23.5,2012
'067908,51,23.9,2012
'068801,797,77.1,2012
'068802,0,.,2012
'068901,4881,18,2012
'069901,47,16.8,2012
'069902,40,14.2,2012
'070801,61,28,2012
'070901,45,16.2,2012
'070903,677,12.5,2012
'070905,236,10.6,2012
'070907,134,22,2012
'070908,675,9.3,2012
'070909,45,19,2012
'070910,168,15.6,2012
'070911,613,11.3,2012
'070912,1118,15.4,2012
'070915,105,10.2,2012
'071801,90,10.6,2012
'071803,299,57,2012
'071804,383,58.5,2012
'071806,157,12.7,2012
'071807,4,3.1,2012
'071809,13,14.1,2012
'071901,1575,14.4,2012
'071902,12917,20.2,2012
'071903,273,11.4,2012
'071904,580,15.3,2012
'071905,7359,16.9,2012
'071906,125,15.7,2012
'071907,801,13.9,2012
'071908,121,9.7,2012
'071909,6651,15.9,2012
'072801,183,62.9,2012
'072802,561,91.1,2012
'072901,4,7.7,2012
'072902,186,15.8,2012
'072903,449,13.1,2012
'072904,12,13.2,2012
'072908,43,20.3,2012
'072909,35,16.5,2012
'072910,18,17,2012
'073901,80,16.9,2012
'073903,169,16.3,2012
'073904,4,2.9,2012
'073905,134,18.1,2012
'074903,318,17.7,2012
'074904,18,6.4,2012
'074905,36,13.8,2012
'074907,90,15.5,2012
'074909,119,13.6,2012
'074911,48,15.8,2012
'074912,78,14.4,2012
'074917,45,11.3,2012
'075901,37,7.2,2012
'075902,173,9.6,2012
'075903,65,9.7,2012
'075906,25,11.7,2012
'075908,19,8.3,2012
'076903,38,13.8,2012
'076904,68,22.1,2012
'077901,227,25.6,2012
'077902,81,15.2,2012
'078901,29,12.8,2012
'079901,3845,16.1,2012
'079906,254,10.1,2012
'079907,8343,12.2,2012
'079910,356,11.6,2012
'080901,198,13.3,2012
'081902,234,13.7,2012
'081904,142,11.9,2012
'081905,73,14.8,2012
'081906,30,20.7,2012
'082902,110,12.9,2012
'082903,275,13.1,2012
'083901,84,15.1,2012
'083902,6,5.3,2012
'083903,397,16.6,2012
'084801,43,13.4,2012
'084802,96,21.1,2012
'084804,50,22.3,2012
'084805,0,.,2012
'084901,1912,21.1,2012
'084902,1200,19.5,2012
'084903,23,13,2012
'084904,825,27.3,2012
'084906,1050,17.8,2012
'084908,275,23.4,2012
'084909,492,11.3,2012
'084910,4155,11.2,2012
'084911,274,4.8,2012
'085902,102,13.9,2012
'085903,29,17.9,2012
'086024,7,38.9,2012
'086901,251,8.9,2012
'086902,84,13.9,2012
'087901,8,3.3,2012
'088902,198,14.5,2012
'089901,279,11.8,2012
'089903,181,18.4,2012
'089905,40,17.7,2012
'090902,40,23.3,2012
'090903,37,17.7,2012
'090904,584,17.6,2012
'090905,10,22.7,2012
'091901,89,12.3,2012
'091902,74,14,2012
'091903,855,19.2,2012
'091905,115,12.1,2012
'091906,1489,22,2012
'091907,16,12.8,2012
'091908,128,9.9,2012
'091909,192,13,2012
'091910,83,11.3,2012
'091913,148,12.1,2012
'091914,108,13.5,2012
'091917,68,9,2012
'091918,99,12.9,2012
'092801,115,53.2,2012
'092901,450,22.2,2012
'092902,424,11.9,2012
'092903,1673,20.3,2012
'092904,797,17.4,2012
'092906,241,18.3,2012
'092907,274,15.1,2012
'092908,165,11.8,2012
'093901,91,12.9,2012
'093903,61,12.6,2012
'093904,335,12.5,2012
'093905,20,14.5,2012
'094901,2004,25.8,2012
'094902,1694,13.8,2012
'094903,163,10.8,2012
'094904,189,14.3,2012
'095901,105,14.1,2012
'095902,19,16.5,2012
'095903,150,22.1,2012
'095904,29,11.6,2012
'095905,957,17.1,2012
'096904,76,15.4,2012
'096905,29,13.7,2012
'097902,124,15.6,2012
'097903,72,12.3,2012
'098901,24,6.5,2012
'098903,6,5.9,2012
'098904,47,6.4,2012
'099902,28,13.9,2012
'099903,71,13.6,2012
'100903,197,14.7,2012
'100904,417,14.9,2012
'100905,209,10.9,2012
'100907,447,11.9,2012
'100908,102,17.3,2012
'101801,13,12.4,2012
'101802,20,4.3,2012
'101803,43,15.6,2012
'101804,327,42.3,2012
'101805,148,19.9,2012
'101806,219,17.2,2012
'101807,2,1.8,2012
'101809,122,34,2012
'101810,29,13.4,2012
'101811,3034,99.6,2012
'101812,1048,77.2,2012
'101813,742,17.6,2012
'101814,81,8.8,2012
'101815,8,5.4,2012
'101819,37,10.2,2012
'101821,139,49.5,2012
'101822,309,88,2012
'101828,90,11.8,2012
'101829,11,21.6,2012
'101833,10,10.4,2012
'101837,162,44.3,2012
'101838,763,50.8,2012
'101840,24,10.9,2012
'101842,104,68,2012
'101845,340,8,2012
'101846,289,11,2012
'101847,30,7.5,2012
'101848,236,58.1,2012
'101849,7,4.2,2012
'101850,87,22.3,2012
'101852,42,46.7,2012
'101853,23,5.8,2012
'101854,246,70.5,2012
'101855,21,13.5,2012
'101856,7,3.4,2012
'101858,405,14.8,2012
'101859,29,13.4,2012
'101860,467,36.5,2012
'101861,40,20.9,2012
'101862,33,5.6,2012
'101863,33,55,2012
'101864,0,.,2012
'101865,238,45.7,2012
'101902,11640,19.4,2012
'101903,10444,23.1,2012
'101905,1458,17.4,2012
'101906,648,13.2,2012
'101907,13302,13,2012
'101908,1411,11.6,2012
'101909,1814,26.4,2012
'101910,2809,13.6,2012
'101911,3979,18.9,2012
'101912,38542,20.2,2012
'101913,4364,12.8,2012
'101914,6886,11.7,2012
'101915,5867,13.3,2012
'101916,1002,13.3,2012
'101917,8794,17.3,2012
'101919,8284,22.6,2012
'101920,4842,15.5,2012
'101921,1035,10.2,2012
'101924,1101,16.9,2012
'101925,430,13.9,2012
'102901,43,23.6,2012
'102902,778,14.2,2012
'102903,94,12.5,2012
'102904,704,16.3,2012
'102905,84,11.9,2012
'102906,109,11.1,2012
'103901,26,16,2012
'103902,19,10.9,2012
'104901,100,16.5,2012
'104903,37,25.9,2012
'104907,14,9.1,2012
'105801,69,39.7,2012
'105802,50,34.2,2012
'105902,883,13,2012
'105904,300,7.2,2012
'105905,161,8.3,2012
'105906,2481,16.5,2012
'106901,73,9.7,2012
'107901,440,13.6,2012
'107902,507,17.5,2012
'107904,105,16.8,2012
'107905,318,21.7,2012
'107906,341,26.3,2012
'107907,57,29.2,2012
'107908,54,39.7,2012
'107910,72,16.4,2012
'108801,645,73.7,2012
'108802,85,14.4,2012
'108804,415,64.7,2012
'108807,476,7.5,2012
'108808,50,5.6,2012
'108902,2876,19.8,2012
'108903,824,15.9,2012
'108904,6279,19.1,2012
'108905,424,13.6,2012
'108906,4908,19.5,2012
'108907,1344,23.2,2012
'108908,2688,17.6,2012
'108909,5941,20,2012
'108910,413,19.7,2012
'108911,1700,16.9,2012
'108912,6000,21.6,2012
'108913,3019,17.6,2012
'108914,125,20.6,2012
'108915,107,13,2012
'108916,732,16.3,2012
'109901,19,7,2012
'109902,29,12.6,2012
'109903,72,25.4,2012
'109904,210,12.5,2012
'109905,77,19.3,2012
'109907,122,17.6,2012
'109908,15,18.5,2012
'109910,31,19.3,2012
'109911,271,18.2,2012
'109912,47,17.9,2012
'109913,82,22.8,2012
'109914,29,16.5,2012
'110901,63,24.6,2012
'110902,537,19.2,2012
'110905,40,13.3,2012
'110906,64,17.9,2012
'110907,82,13.7,2012
'110908,13,7.1,2012
'111901,1154,17.7,2012
'111902,31,12.1,2012
'111903,73,12.1,2012
'112901,446,11.7,2012
'112905,47,11.9,2012
'112906,66,15.6,2012
'112907,48,20.3,2012
'112908,128,16.4,2012
'112909,47,19.2,2012
'112910,22,10.4,2012
'113901,222,17,2012
'113902,83,16.6,2012
'113903,54,10.8,2012
'113905,48,11.1,2012
'113906,67,21.1,2012
'114901,696,17.8,2012
'114902,96,12.6,2012
'114904,64,9.7,2012
'115901,52,10.4,2012
'115902,25,15.9,2012
'115903,16,16.2,2012
'116801,74,18,2012
'116901,168,11.8,2012
'116902,54,11.5,2012
'116903,264,16.9,2012
'116905,2003,35.2,2012
'116906,159,17.2,2012
'116908,533,20.7,2012
'116909,74,13,2012
'116910,91,22.3,2012
'116915,64,11.3,2012
'116916,84,16.5,2012
'117901,352,13.6,2012
'117903,147,18,2012
'117904,100,16.5,2012
'117907,15,18.1,2012
'118902,73,20.1,2012
'119901,32,16.2,2012
'119902,162,17.4,2012
'119903,47,12.9,2012
'120901,220,16.1,2012
'120902,42,6.9,2012
'120905,86,8,2012
'121902,72,17.4,2012
'121903,164,11.1,2012
'121904,522,19.2,2012
'121905,174,12.6,2012
'121906,63,14.9,2012
'122901,104,30.5,2012
'122902,3,6.8,2012
'123803,120,33.1,2012
'123805,46,26.3,2012
'123807,84,32.1,2012
'123905,580,11.9,2012
'123907,1597,18.8,2012
'123908,517,11.4,2012
'123910,3799,19.8,2012
'123913,12,3.8,2012
'123914,111,6.7,2012
'124901,92,9.1,2012
'125901,715,14.2,2012
'125902,65,11.1,2012
'125903,252,14.2,2012
'125905,104,17.2,2012
'125906,6,5.9,2012
'126901,568,16.5,2012
'126902,1333,13.7,2012
'126903,1416,20.7,2012
'126904,113,10.8,2012
'126905,866,18,2012
'126906,223,26.1,2012
'126907,151,17.3,2012
'126908,248,13.9,2012
'126911,328,20.4,2012
'127901,82,12.9,2012
'127903,46,10.2,2012
'127904,76,10.8,2012
'127905,16,14.7,2012
'127906,103,17.8,2012
'128901,142,15.3,2012
'128902,134,20.2,2012
'128903,63,20.5,2012
'128904,17,5.1,2012
'129901,364,13.2,2012
'129902,787,10.1,2012
'129903,493,13.9,2012
'129904,307,19.6,2012
'129905,650,19.6,2012
'129906,895,21.7,2012
'129910,109,11.9,2012
'130801,53,62.4,2012
'130901,582,8.9,2012
'130902,129,12,2012
'131001,3,4.9,2012
'132902,30,19.5,2012
'133901,218,29.8,2012
'133902,14,8.8,2012
'133903,890,18.5,2012
'133904,192,18.3,2012
'133905,0,0,2012
'134901,95,14.6,2012
'135001,16,13.4,2012
'136901,80,13.4,2012
'137901,809,21.3,2012
'137902,80,13.6,2012
'137903,63,13.3,2012
'137904,34,8.8,2012
'138902,44,16.9,2012
'138903,34,10.3,2012
'138904,20,26,2012
'139905,101,12.4,2012
'139908,37,19.2,2012
'139909,613,17.7,2012
'139911,402,13.9,2012
'139912,149,14.1,2012
'140901,37,21.8,2012
'140904,199,14.6,2012
'140905,99,15.1,2012
'140907,69,18.3,2012
'140908,49,12.2,2012
'141901,507,15.3,2012
'141902,68,22.5,2012
'142901,186,16.4,2012
'143901,95,11.3,2012
'143902,28,9.8,2012
'143903,30,5.5,2012
'143904,14,15.4,2012
'143905,6,5.4,2012
'143906,6,10.2,2012
'144901,211,11.8,2012
'144902,97,11,2012
'144903,36,20.7,2012
'145901,111,13.5,2012
'145902,92,13.2,2012
'145906,86,17.2,2012
'145907,46,23,2012
'145911,116,16,2012
'146901,869,22.7,2012
'146902,982,19.7,2012
'146903,11,7.6,2012
'146904,260,20.4,2012
'146905,126,24,2012
'146906,324,15.6,2012
'146907,260,13.6,2012
'147901,47,17.3,2012
'147902,284,18,2012
'147903,264,13.6,2012
'148901,40,11.6,2012
'148902,18,11.5,2012
'148903,21,22.8,2012
'148905,23,15.9,2012
'149901,178,16.4,2012
'149902,91,14.6,2012
'150901,297,16.2,2012
'152802,16,12.4,2012
'152803,303,75.8,2012
'152805,154,24.8,2012
'152901,7224,24.4,2012
'152902,130,17.7,2012
'152903,294,23.1,2012
'152906,515,13.5,2012
'152907,1231,16.5,2012
'152908,294,25.8,2012
'152909,244,16.5,2012
'152910,133,14.5,2012
'153903,35,11.8,2012
'153904,99,17.3,2012
'153905,26,14.4,2012
'153907,40,29.2,2012
'154901,232,11.3,2012
'154903,55,16,2012
'155901,181,15.5,2012
'156902,73,9.9,2012
'156905,16,7.3,2012
'157901,77,12.4,2012
'158901,605,16.4,2012
'158902,133,16.9,2012
'158904,18,20.2,2012
'158905,138,9.8,2012
'158906,144,15.1,2012
'159901,2422,16.8,2012
'160901,242,19.6,2012
'160904,33,16.3,2012
'160905,22,19.5,2012
'161801,24,12.1,2012
'161802,75,19.9,2012
'161807,281,11.6,2012
'161901,60,10,2012
'161903,899,12.8,2012
'161906,614,21.6,2012
'161907,214,13.4,2012
'161908,87,15.8,2012
'161909,137,11,2012
'161910,129,18.5,2012
'161912,82,14,2012
'161914,4023,26.2,2012
'161916,322,20.7,2012
'161918,323,35.8,2012
'161919,227,24.9,2012
'161920,377,16.3,2012
'161921,502,20.6,2012
'161922,268,12.6,2012
'161923,52,9.9,2012
'161924,28,27.7,2012
'161925,27,19.1,2012
'162904,38,21.7,2012
'163901,277,14.8,2012
'163902,23,7.7,2012
'163903,154,15.4,2012
'163904,239,11.4,2012
'163908,466,13.6,2012
'164901,52,16.7,2012
'165802,35,8.5,2012
'165901,4036,18.8,2012
'165902,208,12.5,2012
'166901,201,13.8,2012
'166902,22,13.9,2012
'166903,53,13.4,2012
'166904,265,15.9,2012
'166905,57,10.7,2012
'166907,31,18,2012
'167901,61,10.7,2012
'167902,42,36.5,2012
'167903,14,22.6,2012
'167904,19,19.8,2012
'168901,163,16,2012
'168902,27,18.2,2012
'168903,23,11.4,2012
'169901,253,16.1,2012
'169902,98,12.4,2012
'169906,12,11.2,2012
'169908,19,20.7,2012
'169909,33,22.1,2012
'169910,35,17.2,2012
'169911,38,13.8,2012
'170801,87,20.9,2012
'170902,7150,14.3,2012
'170903,789,11.7,2012
'170904,1235,19.3,2012
'170906,1540,13.3,2012
'170907,634,18.5,2012
'170908,2172,21.2,2012
'171901,644,15,2012
'171902,70,13.8,2012
'172902,166,14.1,2012
'172905,161,16.6,2012
'173901,26,14.6,2012
'174801,5,2.3,2012
'174901,36,11.3,2012
'174902,63,13.5,2012
'174903,90,13,2012
'174904,1155,18.5,2012
'174906,147,18.2,2012
'174908,112,12.4,2012
'174909,35,10.1,2012
'174910,39,27.7,2012
'174911,61,16,2012
'175902,142,17,2012
'175903,848,15.4,2012
'175904,86,19.6,2012
'175905,48,14.3,2012
'175907,118,18.8,2012
'175910,83,11.2,2012
'175911,122,15,2012
'176901,63,20.9,2012
'176902,178,16.1,2012
'176903,103,15.3,2012
'177901,36,11.6,2012
'177902,426,19.8,2012
'177903,33,19.9,2012
'177905,15,7.4,2012
'178801,108,75,2012
'178804,203,58.5,2012
'178807,36,18.2,2012
'178808,19,12.1,2012
'178809,73,21.8,2012
'178901,52,15.1,2012
'178902,169,14.1,2012
'178903,601,15.7,2012
'178904,10468,25.7,2012
'178905,52,20.2,2012
'178906,15,4.3,2012
'178908,114,19.5,2012
'178909,582,18.7,2012
'178912,589,16.5,2012
'178913,91,11.7,2012
'178914,908,16.2,2012
'178915,451,21.8,2012
'179901,272,12.9,2012
'180901,202,44.7,2012
'180902,20,6.3,2012
'180903,20,14.5,2012
'180904,13,15.9,2012
'181901,320,12.8,2012
'181905,222,13.2,2012
'181906,479,20.4,2012
'181907,845,17.4,2012
'181908,492,13.9,2012
'182901,21,10.3,2012
'182902,79,26.6,2012
'182903,620,17.9,2012
'182904,79,16,2012
'182905,26,15.4,2012
'182906,12,14,2012
'183801,113,50,2012
'183901,78,12.5,2012
'183902,364,13.7,2012
'183904,52,13.9,2012
'184801,83,43.9,2012
'184901,97,18.9,2012
'184902,683,19.8,2012
'184903,1204,16,2012
'184904,112,14.9,2012
'184907,401,8.9,2012
'184908,137,13,2012
'184909,79,9.3,2012
'184911,56,29.3,2012
'185901,68,14.8,2012
'185902,68,12.5,2012
'185903,107,9.8,2012
'185904,31,20.7,2012
'186901,28,25,2012
'186902,262,11.5,2012
'186903,233,41.8,2012
'187901,48,10.5,2012
'187903,58,23.6,2012
'187904,117,12.6,2012
'187906,48,25,2012
'187907,685,17.1,2012
'187910,239,24.2,2012
'188801,294,72.2,2012
'188901,4794,15.9,2012
'188902,264,18.1,2012
'188903,134,14.7,2012
'188904,119,9.3,2012
'189901,49,14.2,2012
'189902,197,14,2012
'190903,268,16.6,2012
'191901,1405,15.8,2012
'192901,84,11.3,2012
'193801,164,63.6,2012
'193902,42,16.8,2012
'194902,55,13.9,2012
'194903,107,14.7,2012
'194904,85,13.1,2012
'194905,62,13.5,2012
'195901,267,12.6,2012
'195902,18,11.5,2012
'196901,31,18.8,2012
'196902,46,10.3,2012
'196903,94,13.4,2012
'197902,25,13.4,2012
'198901,56,12.8,2012
'198902,21,13.4,2012
'198903,110,11.2,2012
'198905,191,19.5,2012
'198906,39,8.8,2012
'199901,1221,9.1,2012
'199902,637,14.3,2012
'200901,140,14.8,2012
'200902,52,13.3,2012
'200904,100,16.9,2012
'200906,17,27.4,2012
'201902,378,12.3,2012
'201903,42,27.1,2012
'201904,45,19.1,2012
'201907,55,14.6,2012
'201908,110,20.4,2012
'201910,172,11.5,2012
'201913,82,12.9,2012
'201914,187,19.8,2012
'202903,138,15.1,2012
'202905,163,24.2,2012
'203901,115,15.7,2012
'203902,98,20.7,2012
'204901,324,19.5,2012
'204904,312,16.8,2012
'205901,358,20.5,2012
'205902,659,15.2,2012
'205903,341,16.5,2012
'205904,221,13.8,2012
'205905,119,11.5,2012
'205906,420,19.2,2012
'205907,157,14.8,2012
'206901,82,12.6,2012
'206902,34,24.6,2012
'206903,32,25.8,2012
'207901,69,12.5,2012
'208901,37,16.7,2012
'208902,384,15.2,2012
'208903,26,10,2012
'209901,41,8.9,2012
'209902,34,21.9,2012
'210901,313,13.6,2012
'210902,103,14.5,2012
'210903,88,12.3,2012
'210904,83,17,2012
'210905,142,23.1,2012
'210906,14,14.6,2012
'211901,51,14.3,2012
'211902,59,10.9,2012
'212801,39,12,2012
'212803,255,83.6,2012
'212901,125,14.1,2012
'212902,291,14.1,2012
'212903,460,12.7,2012
'212904,145,13.7,2012
'212905,2875,16,2012
'212906,600,13.4,2012
'212909,617,18.9,2012
'212910,212,20.6,2012
'213801,96,49,2012
'213901,212,13.2,2012
'214901,1324,13.2,2012
'214902,28,11.2,2012
'214903,834,13.6,2012
'215901,216,14.7,2012
'216901,35,16.6,2012
'217901,21,10.3,2012
'218901,80,9.7,2012
'219901,16,6.8,2012
'219903,112,11.6,2012
'219905,38,17.4,2012
'220801,49,15.9,2012
'220802,44,9.5,2012
'220804,925,79,2012
'220809,22,4.5,2012
'220810,24,4.8,2012
'220811,14,6.8,2012
'220812,282,81,2012
'220813,287,13.7,2012
'220814,11,8.7,2012
'220815,32,13.7,2012
'220816,34,5.6,2012
'220817,0,.,2012
'220901,14628,22.8,2012
'220902,3265,14.6,2012
'220904,970,19.4,2012
'220905,21205,25.6,2012
'220906,1160,8.8,2012
'220907,3184,10.1,2012
'220908,3897,12.5,2012
'220910,609,20.8,2012
'220912,2609,17.4,2012
'220914,425,13.5,2012
'220915,1100,18.6,2012
'220916,3941,18.7,2012
'220917,669,18.9,2012
'220918,2874,17.4,2012
'220919,292,4,2012
'220920,1153,18.8,2012
'221801,5510,57.1,2012
'221901,3749,22.3,2012
'221904,200,18.3,2012
'221905,38,21.2,2012
'221911,116,11.6,2012
'221912,308,9.8,2012
'222901,24,17.6,2012
'223901,269,16.2,2012
'223902,39,14.7,2012
'223904,36,16.4,2012
'224901,14,7.3,2012
'224902,30,27,2012
'225902,794,16.3,2012
'225905,39,23.6,2012
'225906,102,11,2012
'225907,46,11,2012
'226801,169,23,2012
'226901,95,19.8,2012
'226903,3062,21.3,2012
'226905,70,21.3,2012
'226906,89,8.6,2012
'226907,229,21.1,2012
'226908,36,14.2,2012
'227801,317,77.1,2012
'227803,24,12,2012
'227804,59,9,2012
'227805,61,23.9,2012
'227806,1696,84.8,2012
'227814,71,19.6,2012
'227816,238,12.6,2012
'227817,53,28.2,2012
'227818,519,73.8,2012
'227819,7,3.4,2012
'227820,51,5.7,2012
'227821,31,9.3,2012
'227824,28,14.1,2012
'227901,18129,21.7,2012
'227904,3199,14.4,2012
'227907,1321,19.9,2012
'227909,312,4.2,2012
'227910,2333,22.1,2012
'227912,134,10.9,2012
'227913,465,7,2012
'228901,153,19.6,2012
'228903,225,19,2012
'228904,26,16.9,2012
'228905,47,23.7,2012
'229901,111,21.6,2012
'229903,271,20.7,2012
'229904,203,16.9,2012
'229905,97,24.8,2012
'229906,31,16.5,2012
'230901,159,21.6,2012
'230902,431,18.7,2012
'230903,154,18.2,2012
'230904,49,16.8,2012
'230905,129,12.4,2012
'230906,140,14.5,2012
'230908,105,14.4,2012
'231901,70,14.9,2012
'231902,34,16.2,2012
'232801,42,51.2,2012
'232901,42,17.1,2012
'232902,50,10.1,2012
'232903,743,16,2012
'232904,21,10.4,2012
'233901,1293,13.2,2012
'233903,9,4.4,2012
'234801,400,95.5,2012
'234902,264,13.3,2012
'234903,125,14,2012
'234904,214,19.3,2012
'234905,51,11.2,2012
'234906,333,14.9,2012
'234907,400,15.6,2012
'234909,59,16.1,2012
'235901,186,22.7,2012
'235902,3708,26,2012
'235904,24,20.9,2012
'236801,346,98.3,2012
'236901,143,16.3,2012
'236902,779,13.4,2012
'237902,224,15.9,2012
'237904,785,14.9,2012
'237905,316,17.1,2012
'238902,297,15.5,2012
'238904,24,22,2012
'239901,439,9.8,2012
'239903,34,9.7,2012
'240801,338,49.4,2012
'240804,54,8.6,2012
'240901,5138,21.9,2012
'240903,5764,14.4,2012
'240904,31,9.8,2012
'241901,89,9.2,2012
'241902,82,9,2012
'241903,356,10.8,2012
'241904,268,13.4,2012
'241906,47,10.2,2012
'242902,102,29.4,2012
'242903,43,11.3,2012
'242905,30,21,2012
'242906,22,16.1,2012
'243801,91,39.9,2012
'243901,591,18.8,2012
'243902,88,18.8,2012
'243903,192,11.4,2012
'243905,2740,19.4,2012
'243906,180,20.3,2012
'244901,18,16.2,2012
'244903,496,21.9,2012
'244905,18,9.4,2012
'245901,48,10.9,2012
'245902,166,11.7,2012
'245903,314,14.8,2012
'245904,45,16.2,2012
'246801,0,.,2012
'246902,155,15.7,2012
'246904,1545,15.1,2012
'246905,52,13.1,2012
'246906,701,13.5,2012
'246907,124,13.7,2012
'246908,294,11.3,2012
'246909,6485,14.8,2012
'246911,442,15,2012
'246912,69,10.8,2012
'246913,3059,10,2012
'246914,18,15,2012
'247901,559,15.1,2012
'247903,358,11.9,2012
'247904,108,13.5,2012
'247906,146,18.8,2012
'248901,171,14.9,2012
'248902,52,16,2012
'249901,87,12.4,2012
'249902,190,17.5,2012
'249903,292,13.2,2012
'249904,114,19.8,2012
'249905,341,11.6,2012
'249906,130,12.6,2012
'249908,41,16.5,2012
'250902,122,16.5,2012
'250903,198,13.1,2012
'250904,158,14.4,2012
'250905,69,20.5,2012
'250906,123,14.5,2012
'250907,183,13.5,2012
'251901,145,10.5,2012
'251902,78,16,2012
'252901,289,12,2012
'252902,25,13.7,2012
'252903,107,15.7,2012
'253901,298,9.5,2012
'254901,220,12.3,2012
'254902,61,12.6,2012
'1,855216,17.8,2012
'001902,93,15.6,2013
'001903,179,14.8,2013
'001904,132,17.9,2013
'001906,52,13.2,2013
'001907,625,19.9,2013
'001908,313,18.4,2013
'001909,73,17.6,2013
'002901,639,19,2013
'003801,47,9.5,2013
'003902,363,13.9,2013
'003903,1352,17.1,2013
'003904,298,17.1,2013
'003905,203,11.7,2013
'003906,87,19.3,2013
'003907,240,15.9,2013
'004901,551,17.6,2013
'005901,53,10.9,2013
'005902,81,9.6,2013
'005904,17,3.9,2013
'006902,41,11.8,2013
'007901,83,16.5,2013
'007902,355,22.9,2013
'007904,309,18.1,2013
'007905,671,19.6,2013
'007906,247,14.6,2013
'008901,197,9.7,2013
'008902,296,11.6,2013
'008903,103,12.7,2013
'009901,205,14.6,2013
'010901,55,18.6,2013
'010902,317,13.5,2013
'011901,1673,18.3,2013
'011902,614,15.7,2013
'011904,213,12.9,2013
'011905,31,19,2013
'012901,67,12.4,2013
'013801,34,9.7,2013
'013901,589,17.3,2013
'013902,16,12.5,2013
'013903,105,24,2013
'013905,102,12.6,2013
'014801,296,78.9,2013
'014802,107,83.6,2013
'014803,117,43.8,2013
'014804,782,58.1,2013
'014901,130,11.8,2013
'014902,70,18.9,2013
'014903,1398,15.3,2013
'014905,57,9.8,2013
'014906,12600,30.3,2013
'014907,115,13.7,2013
'014908,131,10,2013
'014909,2474,28.1,2013
'014910,216,16.2,2013
'015801,492,71.8,2013
'015802,248,47.6,2013
'015803,40,10.8,2013
'015805,150,23.3,2013
'015806,274,19.6,2013
'015807,543,69.9,2013
'015808,1711,95.6,2013
'015809,106,32.1,2013
'015814,168,68.6,2013
'015815,256,33,2013
'015816,68,28.9,2013
'015817,650,77.8,2013
'015819,359,40,2013
'015820,183,38.6,2013
'015822,1252,50.6,2013
'015823,65,53.7,2013
'015825,47,25.8,2013
'015826,134,14.1,2013
'015827,173,19.3,2013
'015828,179,15.6,2013
'015830,182,17,2013
'015831,122,28,2013
'015832,85,46.7,2013
'015833,47,25.4,2013
'015901,352,7.7,2013
'015904,3216,22.1,2013
'015905,2779,24.4,2013
'015906,177,15.6,2013
'015907,14052,26,2013
'015908,2188,22.5,2013
'015909,682,18.5,2013
'015910,12777,18.6,2013
'015911,1743,18.7,2013
'015912,2454,19.6,2013
'015913,216,22.2,2013
'015914,393,25.7,2013
'015915,18994,19.3,2013
'015916,5557,24.1,2013
'015917,1233,23.6,2013
'016901,77,10.9,2013
'016902,112,12.1,2013
'017901,10,4.9,2013
'018901,163,15.2,2013
'018902,63,12.1,2013
'018903,19,19.2,2013
'018904,81,13.1,2013
'018905,50,26.3,2013
'018906,20,15.4,2013
'018907,65,25,2013
'018908,22,20.2,2013
'019901,133,17.1,2013
'019902,142,15.8,2013
'019903,76,15.4,2013
'019905,238,18.4,2013
'019906,168,15.1,2013
'019907,1382,20.2,2013
'019908,505,19.6,2013
'019909,116,20.7,2013
'019910,17,15.9,2013
'019911,34,7.6,2013
'019912,208,11.3,2013
'019913,20,26,2013
'019914,25,24.3,2013
'020901,2635,15.2,2013
'020902,1457,22.2,2013
'020904,83,11.6,2013
'020905,2421,19.3,2013
'020906,289,15,2013
'020907,486,16.4,2013
'020908,1765,9.6,2013
'020910,40,24.1,2013
'021803,185,45.7,2013
'021805,199,34.6,2013
'021901,1301,12.8,2013
'021902,3634,23.1,2013
'022004,14,12.5,2013
'022901,153,14.6,2013
'022902,14,25.5,2013
'022903,7,36.8,2013
'023902,24,14.4,2013
'024901,171,12.2,2013
'025901,174,16.7,2013
'025902,854,23.7,2013
'025904,75,30.6,2013
'025905,49,19.8,2013
'025906,47,21.1,2013
'025908,68,31.1,2013
'025909,175,14.3,2013
'026901,191,11,2013
'026902,116,25.1,2013
'026903,75,14.5,2013
'027903,519,16.2,2013
'027904,613,15.6,2013
'028902,712,15.5,2013
'028903,160,12,2013
'028906,34,16,2013
'029901,638,15.8,2013
'030901,54,15.9,2013
'030902,250,17.3,2013
'030903,66,22.4,2013
'030906,60,16.8,2013
'031803,42,10.3,2013
'031901,8211,17.3,2013
'031903,4121,22,2013
'031905,560,16.3,2013
'031906,1487,15.2,2013
'031909,279,12,2013
'031911,244,11.7,2013
'031912,2571,22.6,2013
'031913,115,18.4,2013
'031914,232,19.5,2013
'031916,355,10.4,2013
'032902,276,11.8,2013
'033901,19,14.2,2013
'033902,59,9.7,2013
'033904,55,15.4,2013
'034901,279,16.7,2013
'034902,13,10.3,2013
'034903,127,11.8,2013
'034905,136,17.3,2013
'034906,68,15.4,2013
'034907,174,16.5,2013
'034909,42,16.4,2013
'035901,199,17.5,2013
'035902,46,16.8,2013
'035903,9,4.1,2013
'036901,193,16,2013
'036902,461,10.8,2013
'036903,152,12,2013
'037901,89,14.1,2013
'037904,677,14.6,2013
'037907,261,12.6,2013
'037908,40,9.2,2013
'037909,49,15.5,2013
'038901,133,12.4,2013
'039902,99,10.8,2013
'039903,63,14.5,2013
'039904,27,16,2013
'039905,12,12.5,2013
'040901,76,18.9,2013
'040902,43,15.4,2013
'041901,49,17.2,2013
'041902,31,14.3,2013
'042901,172,19.7,2013
'042903,46,17.3,2013
'042905,40,24.5,2013
'043801,0,.,2013
'043901,1212,6.6,2013
'043902,367,16.3,2013
'043903,187,9.7,2013
'043904,195,13.4,2013
'043905,3096,8.2,2013
'043907,3026,12.6,2013
'043908,212,13.5,2013
'043910,5318,10.1,2013
'043911,489,15.6,2013
'043912,497,10.8,2013
'043914,1551,12.4,2013
'043917,93,14.4,2013
'043918,217,13.4,2013
'043919,124,3.6,2013
'044902,74,15.1,2013
'045902,274,17.3,2013
'045903,123,10.6,2013
'045905,60,11.6,2013
'046802,1068,98.1,2013
'046901,1239,15.6,2013
'046902,2606,14.7,2013
'047901,144,12.5,2013
'047902,112,17.6,2013
'047903,44,19,2013
'047905,35,26.9,2013
'048901,57,22.5,2013
'048903,74,32.9,2013
'049901,479,17.7,2013
'049902,33,7.6,2013
'049903,82,12.9,2013
'049905,180,15.7,2013
'049906,55,12.6,2013
'049907,23,4.5,2013
'049908,16,26.7,2013
'049909,13,25,2013
'050901,50,22.7,2013
'050902,322,11.5,2013
'050904,30,18.1,2013
'050909,21,15.1,2013
'050910,1628,21.4,2013
'051901,48,21.2,2013
'052901,151,15.4,2013
'053001,77,10.9,2013
'054901,58,15.3,2013
'054902,80,26,2013
'054903,100,20.2,2013
'055901,63,14.6,2013
'056901,264,15.5,2013
'056902,30,21,2013
'057802,117,16.3,2013
'057803,96,6,2013
'057804,2864,73.8,2013
'057805,6,6.1,2013
'057806,252,16,2013
'057807,214,6,2013
'057808,107,8.6,2013
'057809,10,28.6,2013
'057810,93,26.5,2013
'057811,57,10.2,2013
'057813,121,11.5,2013
'057814,2612,99.2,2013
'057815,237,17,2013
'057816,22,2.4,2013
'057817,84,11.2,2013
'057819,65,39.9,2013
'057825,542,44,2013
'057827,71,12,2013
'057828,2391,80,2013
'057829,72,8.2,2013
'057830,58,7,2013
'057831,67,9.7,2013
'057832,154,64.2,2013
'057833,36,19.6,2013
'057834,758,79.9,2013
'057835,94,17,2013
'057836,38,13,2013
'057837,11,3.3,2013
'057838,125,9.7,2013
'057839,22,5.3,2013
'057840,66,14.3,2013
'057841,20,20,2013
'057842,134,11.4,2013
'057843,98,13.6,2013
'057844,62,15.8,2013
'057845,0,.,2013
'057846,0,.,2013
'057903,4586,17.8,2013
'057904,1374,16.9,2013
'057905,35093,22.4,2013
'057906,1942,21,2013
'057907,2228,17,2013
'057909,8739,15.4,2013
'057910,5489,20.4,2013
'057911,210,3.3,2013
'057912,5962,17.8,2013
'057913,1302,21.2,2013
'057914,6752,17.6,2013
'057916,6575,18.2,2013
'057919,61,5.4,2013
'057922,698,6.9,2013
'058902,20,14.5,2013
'058905,25,11.2,2013
'058906,316,17.8,2013
'058909,29,13.9,2013
'059901,617,15.5,2013
'059902,11,9.8,2013
'060902,129,17.2,2013
'060914,39,21.5,2013
'061802,267,38.3,2013
'061804,30,15.2,2013
'061901,3997,16.5,2013
'061902,5441,10.9,2013
'061903,185,12.5,2013
'061905,164,9.8,2013
'061906,203,16.3,2013
'061907,212,11.6,2013
'061908,362,14.3,2013
'061910,106,6.1,2013
'061911,2148,13.3,2013
'061912,396,10.1,2013
'061914,777,12.9,2013
'062901,350,18.4,2013
'062902,34,26,2013
'062903,225,14.8,2013
'062904,84,15.8,2013
'062905,8,14.8,2013
'062906,10,6.8,2013
'063903,45,16.9,2013
'063906,35,34,2013
'064903,368,16.3,2013
'065901,85,18.2,2013
'065902,25,19.7,2013
'066005,3,10.3,2013
'066901,32,9,2013
'066902,218,17.2,2013
'066903,82,10.3,2013
'067902,173,20.5,2013
'067903,186,16.4,2013
'067904,34,11.4,2013
'067907,95,21.1,2013
'067908,31,16.6,2013
'068801,854,70.9,2013
'068802,35,22.2,2013
'068901,5061,18.3,2013
'069901,27,10.5,2013
'069902,50,17.2,2013
'070801,90,30.2,2013
'070901,31,12.1,2013
'070903,745,13.6,2013
'070905,267,12.1,2013
'070907,118,20.9,2013
'070908,666,9.2,2013
'070909,46,21.5,2013
'070910,149,14.2,2013
'070911,576,10.7,2013
'070912,1253,16.8,2013
'070915,117,11.7,2013
'071801,95,11.4,2013
'071803,324,70.3,2013
'071804,393,61.9,2013
'071806,232,13.3,2013
'071807,15,9.6,2013
'071809,9,8,2013
'071901,1621,14.6,2013
'071902,13094,20.4,2013
'071903,270,11.5,2013
'071904,712,18.3,2013
'071905,7366,17.1,2013
'071906,109,14.2,2013
'071907,806,14,2013
'071908,152,11.9,2013
'071909,6782,15.8,2013
'072801,5265,71.1,2013
'072802,696,94.2,2013
'072901,8,15.1,2013
'072902,169,14.5,2013
'072903,472,13.8,2013
'072904,17,16.8,2013
'072908,21,11.2,2013
'072909,35,16.1,2013
'072910,17,14.8,2013
'073901,92,19,2013
'073903,188,18.8,2013
'073904,3,2.1,2013
'073905,157,21.5,2013
'074903,295,16.3,2013
'074904,29,10,2013
'074905,54,21.2,2013
'074907,82,14.7,2013
'074909,114,13.4,2013
'074911,37,13.4,2013
'074912,70,13.4,2013
'074917,57,12.9,2013
'075901,64,11.7,2013
'075902,173,9.7,2013
'075903,87,12.9,2013
'075906,15,8.1,2013
'075908,19,8,2013
'076903,31,12.6,2013
'076904,42,15.3,2013
'077901,250,28.6,2013
'077902,72,14.4,2013
'078901,28,13.3,2013
'079901,3850,15.6,2013
'079906,249,9.7,2013
'079907,8360,12.2,2013
'079910,447,14.7,2013
'080901,173,11.7,2013
'081902,236,13.9,2013
'081904,153,12.8,2013
'081905,62,13.2,2013
'081906,30,21.1,2013
'082902,187,19.8,2013
'082903,266,12.7,2013
'083901,89,16.8,2013
'083902,19,16.7,2013
'083903,439,17.8,2013
'084801,35,11.6,2013
'084802,68,14.2,2013
'084804,58,24.7,2013
'084805,78,21.7,2013
'084901,1973,21.3,2013
'084902,1189,19.5,2013
'084903,29,16.5,2013
'084904,894,30.8,2013
'084906,1243,20.6,2013
'084908,344,27.8,2013
'084909,475,10.8,2013
'084910,4863,12.8,2013
'084911,296,5.2,2013
'085902,111,14.8,2013
'085903,18,11.2,2013
'086024,2,11.1,2013
'086901,290,10.2,2013
'086902,59,10.6,2013
'087901,16,6.3,2013
'088902,236,17.3,2013
'089901,271,11,2013
'089903,160,16.5,2013
'089905,38,14.8,2013
'090902,44,23.8,2013
'090903,31,15.3,2013
'090904,701,20.1,2013
'090905,5,11.4,2013
'091901,78,10.7,2013
'091902,71,13.3,2013
'091903,830,19,2013
'091905,146,14.8,2013
'091906,1581,22.7,2013
'091907,38,25.5,2013
'091908,127,10.1,2013
'091909,227,15.3,2013
'091910,107,14.4,2013
'091913,156,12.4,2013
'091914,113,14.1,2013
'091917,86,10.9,2013
'091918,95,12.6,2013
'092801,102,48.6,2013
'092901,392,20,2013
'092902,472,12.9,2013
'092903,1803,21.5,2013
'092904,879,19.1,2013
'092906,203,15.8,2013
'092907,281,15,2013
'092908,185,13.1,2013
'093901,106,15,2013
'093903,58,12.4,2013
'093904,365,13.3,2013
'093905,26,19.7,2013
'094901,1991,26,2013
'094902,1741,13.5,2013
'094903,165,10.6,2013
'094904,161,12.3,2013
'095901,118,15.9,2013
'095902,40,29.9,2013
'095903,141,21,2013
'095904,42,16.9,2013
'095905,907,16.4,2013
'096904,95,17.9,2013
'096905,25,11.7,2013
'097902,113,15.2,2013
'097903,71,13,2013
'098901,30,8.2,2013
'098903,9,8.7,2013
'098904,67,8.8,2013
'099902,25,13.2,2013
'099903,59,11.5,2013
'100903,173,13.3,2013
'100904,428,15.6,2013
'100905,235,12,2013
'100907,539,14.1,2013
'100908,126,20.7,2013
'101801,34,26.8,2013
'101802,21,3.9,2013
'101803,63,20.8,2013
'101804,302,41.1,2013
'101805,143,20.5,2013
'101806,178,14,2013
'101807,9,7.7,2013
'101809,97,26.7,2013
'101810,39,14.6,2013
'101811,2409,99.5,2013
'101812,997,71.2,2013
'101813,641,13.3,2013
'101814,115,11.7,2013
'101815,8,4.9,2013
'101819,27,7.5,2013
'101821,85,34.6,2013
'101822,239,84.5,2013
'101828,98,10,2013
'101829,14,20.6,2013
'101833,20,17.2,2013
'101837,152,44.2,2013
'101838,718,46.5,2013
'101840,29,14,2013
'101842,87,65.9,2013
'101845,291,5.6,2013
'101846,391,12.4,2013
'101847,24,6,2013
'101848,279,56.4,2013
'101849,19,9.6,2013
'101850,81,20.5,2013
'101852,59,55.1,2013
'101853,39,7.9,2013
'101854,250,80.4,2013
'101855,29,18.7,2013
'101856,7,3.2,2013
'101858,376,11.6,2013
'101859,32,13.9,2013
'101860,430,28.5,2013
'101861,36,16.2,2013
'101862,54,4.9,2013
'101863,52,26,2013
'101864,53,18.2,2013
'101865,308,41.7,2013
'101867,0,.,2013
'101902,14181,22.7,2013
'101903,12205,26.6,2013
'101905,1407,16.9,2013
'101906,668,13.7,2013
'101907,13302,12.9,2013
'101908,1448,11.7,2013
'101909,1825,27.4,2013
'101910,2820,13.6,2013
'101911,4703,21.6,2013
'101912,37508,19.8,2013
'101913,4613,13.1,2013
'101914,6993,11.6,2013
'101915,7003,15.4,2013
'101916,996,13.4,2013
'101917,8938,17.3,2013
'101919,8697,23.5,2013
'101920,4858,15.3,2013
'101921,1121,10.6,2013
'101924,1214,17.7,2013
'101925,421,13.3,2013
'102901,52,30.2,2013
'102902,849,15.5,2013
'102903,127,15.9,2013
'102904,737,16.7,2013
'102905,120,16.5,2013
'102906,141,14.2,2013
'103901,25,14.7,2013
'103902,28,16.3,2013
'104901,89,15.3,2013
'104903,28,22.2,2013
'104907,32,19.4,2013
'105801,54,30.5,2013
'105802,22,16.2,2013
'105902,1360,18.6,2013
'105904,346,8,2013
'105905,177,9.1,2013
'105906,2057,13.5,2013
'106901,89,11.2,2013
'107901,488,14.9,2013
'107902,518,18.1,2013
'107904,102,16.5,2013
'107905,352,24,2013
'107906,334,25.4,2013
'107907,43,25.4,2013
'107908,34,24.5,2013
'107910,58,14.1,2013
'108801,1055,71.6,2013
'108802,97,14.5,2013
'108804,435,68.6,2013
'108807,894,10.1,2013
'108808,72,6.7,2013
'108809,0,.,2013
'108902,3079,21,2013
'108903,814,16.2,2013
'108904,6207,18.8,2013
'108905,393,13,2013
'108906,4709,18.8,2013
'108907,1173,20.8,2013
'108908,3368,21.5,2013
'108909,6422,21.3,2013
'108910,506,23,2013
'108911,1603,15.9,2013
'108912,6141,21.8,2013
'108913,3508,20.1,2013
'108914,132,21.7,2013
'108915,107,12,2013
'108916,665,14.9,2013
'109901,17,6.2,2013
'109902,31,13.2,2013
'109903,75,27.8,2013
'109904,216,12.6,2013
'109905,66,18.1,2013
'109907,128,18.3,2013
'109908,25,30.1,2013
'109910,25,15.2,2013
'109911,321,21,2013
'109912,52,19.4,2013
'109913,76,21.6,2013
'109914,45,24.3,2013
'110901,30,13,2013
'110902,621,21.5,2013
'110905,48,15,2013
'110906,80,20.7,2013
'110907,69,11.4,2013
'110908,30,15.5,2013
'111901,1286,19.5,2013
'111902,45,16,2013
'111903,81,13.1,2013
'112901,445,11.6,2013
'112905,66,16.7,2013
'112906,55,13.4,2013
'112907,37,16,2013
'112908,137,18.2,2013
'112909,36,14.6,2013
'112910,29,13.6,2013
'113901,197,15.7,2013
'113902,94,18.8,2013
'113903,64,13.8,2013
'113905,58,12.5,2013
'113906,54,18.3,2013
'114901,769,19.2,2013
'114902,126,15.8,2013
'114904,84,12.6,2013
'115901,59,12.2,2013
'115902,27,17.9,2013
'115903,18,24.3,2013
'116801,78,19.3,2013
'116901,157,10.8,2013
'116902,56,12.2,2013
'116903,291,18.9,2013
'116905,1926,34.7,2013
'116906,147,15.8,2013
'116908,483,19.3,2013
'116909,68,12,2013
'116910,77,20.9,2013
'116915,88,15.1,2013
'116916,109,21.3,2013
'117901,363,14,2013
'117903,157,19.6,2013
'117904,65,11.3,2013
'117907,25,26,2013
'118902,73,20.8,2013
'119901,28,14.4,2013
'119902,141,15.1,2013
'119903,72,18.8,2013
'120901,232,16.8,2013
'120902,59,9.2,2013
'120905,127,11.4,2013
'121902,85,19.8,2013
'121903,199,13.2,2013
'121904,435,16.8,2013
'121905,205,14.7,2013
'121906,66,15.2,2013
'122901,105,30.4,2013
'122902,10,22.7,2013
'123803,140,35.9,2013
'123805,63,32,2013
'123807,40,15,2013
'123905,642,13.2,2013
'123907,1573,18.6,2013
'123908,591,12.9,2013
'123910,4142,21.4,2013
'123913,12,3.8,2013
'123914,126,7.7,2013
'124901,88,8.8,2013
'125901,758,14.9,2013
'125902,88,14.4,2013
'125903,253,14.5,2013
'125905,116,19.8,2013
'125906,9,9.6,2013
'126901,630,18.7,2013
'126902,1353,13.5,2013
'126903,1451,21.6,2013
'126904,108,10,2013
'126905,915,19,2013
'126906,246,27.3,2013
'126907,160,18.3,2013
'126908,290,15.6,2013
'126911,271,16.7,2013
'127901,80,12.8,2013
'127903,57,12.1,2013
'127904,95,13.8,2013
'127905,16,15.2,2013
'127906,100,16.7,2013
'128901,170,17.3,2013
'128902,169,24.9,2013
'128903,82,25.3,2013
'128904,30,8.5,2013
'129901,341,11.9,2013
'129902,807,10.1,2013
'129903,550,15.1,2013
'129904,319,21.4,2013
'129905,688,20.3,2013
'129906,905,21.9,2013
'129910,156,16.1,2013
'130801,84,77.1,2013
'130901,621,9.3,2013
'130902,119,11.2,2013
'131001,7,10.8,2013
'132902,38,23.2,2013
'133901,217,30.6,2013
'133902,14,8.4,2013
'133903,843,17.7,2013
'133904,262,24.7,2013
'133905,6,37.5,2013
'134901,87,13.7,2013
'135001,14,13.5,2013
'136901,98,16.8,2013
'137901,664,18.7,2013
'137902,68,11.8,2013
'137903,66,14,2013
'137904,35,8.1,2013
'138902,49,19.6,2013
'138903,53,15,2013
'138904,30,32.3,2013
'139905,109,13.2,2013
'139908,31,16.7,2013
'139909,805,22.9,2013
'139911,444,15.3,2013
'139912,141,13.2,2013
'140901,33,22.3,2013
'140904,185,13.9,2013
'140905,104,15.8,2013
'140907,68,18.2,2013
'140908,69,15.8,2013
'141901,570,17,2013
'141902,58,20.9,2013
'142901,145,13.1,2013
'143901,100,11.2,2013
'143902,35,12.5,2013
'143903,48,8.9,2013
'143904,7,7.7,2013
'143905,2,1.8,2013
'143906,12,20,2013
'144901,242,13.2,2013
'144902,99,11.2,2013
'144903,55,28.4,2013
'145901,105,12.4,2013
'145902,97,13.9,2013
'145906,74,14.9,2013
'145907,51,24.3,2013
'145911,96,13.5,2013
'146901,1065,27.4,2013
'146902,959,19.2,2013
'146903,10,6.9,2013
'146904,265,21.6,2013
'146905,143,26.7,2013
'146906,355,16.8,2013
'146907,252,13.5,2013
'147901,42,14,2013
'147902,266,16.8,2013
'147903,306,15.7,2013
'148901,33,9.5,2013
'148902,19,11.9,2013
'148903,38,27.1,2013
'148905,23,17.4,2013
'149901,191,17.5,2013
'149902,110,17.6,2013
'150901,324,17.8,2013
'152802,12,9.2,2013
'152803,159,57.2,2013
'152805,289,34.9,2013
'152901,7189,24.6,2013
'152902,134,18.6,2013
'152903,237,19.2,2013
'152906,549,13.6,2013
'152907,1294,16.9,2013
'152908,263,23.6,2013
'152909,210,13.9,2013
'152910,107,11.8,2013
'153903,45,15.3,2013
'153904,66,11.9,2013
'153905,16,8.4,2013
'153907,20,16.7,2013
'154901,289,13.9,2013
'154903,76,20.8,2013
'155901,236,19.7,2013
'156902,113,14.3,2013
'156905,14,6.4,2013
'157901,81,12.8,2013
'158901,659,18,2013
'158902,117,15.3,2013
'158904,30,24.4,2013
'158905,147,10.6,2013
'158906,144,15.6,2013
'159901,2338,16.1,2013
'160901,216,17.9,2013
'160904,37,19.5,2013
'160905,20,18.7,2013
'161801,22,13,2013
'161802,61,14.2,2013
'161807,395,13.5,2013
'161901,42,7.1,2013
'161903,818,11.8,2013
'161906,514,18.6,2013
'161907,156,9.9,2013
'161908,72,13.4,2013
'161909,147,11.6,2013
'161910,127,18.4,2013
'161912,95,15.8,2013
'161914,4097,26.6,2013
'161916,365,23.3,2013
'161918,311,35.4,2013
'161919,261,28.4,2013
'161920,400,16.5,2013
'161921,433,19,2013
'161922,239,10.9,2013
'161923,54,9.3,2013
'161924,15,14,2013
'161925,18,13.4,2013
'162904,32,15,2013
'163901,314,16.4,2013
'163902,27,9.2,2013
'163903,188,17.8,2013
'163904,258,12.4,2013
'163908,527,14.9,2013
'164901,54,17.6,2013
'165802,22,5.7,2013
'165901,4383,19.5,2013
'165902,197,11.4,2013
'166901,180,12.4,2013
'166902,27,16.2,2013
'166903,60,15.3,2013
'166904,226,14.5,2013
'166905,61,11.3,2013
'166907,40,21.9,2013
'167901,59,10.4,2013
'167902,40,36,2013
'167903,23,37.7,2013
'167904,21,22.1,2013
'168901,186,18.3,2013
'168902,33,24.1,2013
'168903,46,20,2013
'169901,248,16,2013
'169902,102,13.1,2013
'169906,28,23.7,2013
'169908,11,11.8,2013
'169909,26,17.2,2013
'169910,27,13.4,2013
'169911,48,18,2013
'170801,106,24.2,2013
'170902,7102,13.9,2013
'170903,819,11.9,2013
'170904,1256,19.3,2013
'170906,1411,12.3,2013
'170907,604,17.8,2013
'170908,2290,21,2013
'171901,732,16.6,2013
'171902,64,12.5,2013
'172902,183,16.1,2013
'172905,162,16.5,2013
'173901,27,15.5,2013
'174801,3,1.4,2013
'174901,54,15.3,2013
'174902,82,16.6,2013
'174903,110,15.4,2013
'174904,1154,18.3,2013
'174906,145,18.5,2013
'174908,119,11.9,2013
'174909,44,12,2013
'174910,29,23.6,2013
'174911,45,12.2,2013
'175902,133,16.1,2013
'175903,861,15.5,2013
'175904,72,16.4,2013
'175905,58,17.2,2013
'175907,134,21.5,2013
'175910,101,14,2013
'175911,102,12.3,2013
'176901,83,26.2,2013
'176902,172,15.9,2013
'176903,97,15.2,2013
'177901,50,15.3,2013
'177902,373,17.6,2013
'177903,10,7,2013
'177905,31,14.3,2013
'178801,122,78.2,2013
'178804,183,53.4,2013
'178807,41,20.5,2013
'178808,51,13.2,2013
'178901,57,15.7,2013
'178902,161,13.2,2013
'178903,595,15.2,2013
'178904,11394,27.5,2013
'178905,60,21.3,2013
'178906,36,7.8,2013
'178908,109,19.4,2013
'178909,558,18.6,2013
'178912,661,17.9,2013
'178913,110,14,2013
'178914,846,15.2,2013
'178915,355,17.3,2013
'179901,324,14.5,2013
'180901,143,34.2,2013
'180902,24,7.2,2013
'180903,23,17.6,2013
'180904,16,18,2013
'181901,369,14.1,2013
'181905,183,11,2013
'181906,483,21.2,2013
'181907,806,16.9,2013
'181908,527,14.9,2013
'182901,37,16.8,2013
'182902,61,20.4,2013
'182903,579,16.9,2013
'182904,67,13.4,2013
'182905,28,16.4,2013
'182906,23,23.7,2013
'183801,73,33.2,2013
'183901,89,14.1,2013
'183902,411,15,2013
'183904,64,17,2013
'184801,60,38.5,2013
'184901,103,19.4,2013
'184902,562,17.1,2013
'184903,1222,16.1,2013
'184904,111,15,2013
'184907,384,8.5,2013
'184908,129,12.5,2013
'184909,86,9.6,2013
'184911,52,29.1,2013
'185901,38,9.2,2013
'185902,60,10.7,2013
'185903,142,12.9,2013
'185904,33,22.6,2013
'186901,29,27.1,2013
'186902,314,13.9,2013
'186903,245,42.6,2013
'187901,45,9.4,2013
'187903,68,28.5,2013
'187904,130,13.8,2013
'187906,33,18.4,2013
'187907,684,17.1,2013
'187910,233,24.4,2013
'188801,295,72.8,2013
'188901,5138,16.7,2013
'188902,264,18.1,2013
'188903,144,16.8,2013
'188904,151,11.3,2013
'189901,44,13,2013
'189902,195,14,2013
'190903,240,14.7,2013
'191901,1506,16.4,2013
'192901,86,11.3,2013
'193801,155,59.8,2013
'193902,63,25.2,2013
'194902,53,13.7,2013
'194903,103,14.7,2013
'194904,107,17.1,2013
'194905,63,13.8,2013
'195901,269,13,2013
'195902,28,18.1,2013
'196901,21,13.6,2013
'196902,47,10.5,2013
'196903,76,11.6,2013
'197902,28,14.6,2013
'198901,64,15.3,2013
'198902,32,21.3,2013
'198903,126,12.8,2013
'198905,204,22.1,2013
'198906,59,12.5,2013
'199901,1284,9.4,2013
'199902,624,13.7,2013
'200901,139,14.9,2013
'200902,46,11.1,2013
'200904,89,15.4,2013
'200906,26,38.8,2013
'201902,433,13.6,2013
'201903,35,25.5,2013
'201904,66,25.8,2013
'201907,52,15.6,2013
'201908,103,19,2013
'201910,192,12.5,2013
'201913,75,12,2013
'201914,215,21.7,2013
'202903,137,15.4,2013
'202905,99,16.5,2013
'203901,118,16,2013
'203902,98,20.6,2013
'204901,324,19.6,2013
'204904,339,18.2,2013
'205901,407,22.8,2013
'205902,760,16.9,2013
'205903,344,15.9,2013
'205904,274,16.8,2013
'205905,136,13.2,2013
'205906,450,20.1,2013
'205907,140,13.9,2013
'206901,74,11.8,2013
'206902,15,11.4,2013
'206903,41,28.7,2013
'207901,73,13.1,2013
'208901,36,16.6,2013
'208902,469,18.2,2013
'208903,17,6.9,2013
'209901,79,16.8,2013
'209902,28,19.9,2013
'210901,265,11.4,2013
'210902,89,12.7,2013
'210903,85,11.7,2013
'210904,74,14.6,2013
'210905,86,14.7,2013
'210906,11,12,2013
'211901,55,15.4,2013
'211902,61,11.1,2013
'212801,52,12.5,2013
'212803,201,72.6,2013
'212804,0,.,2013
'212901,163,18.5,2013
'212902,301,14.3,2013
'212903,515,14.1,2013
'212904,140,13.2,2013
'212905,2965,16.6,2013
'212906,656,14.4,2013
'212909,511,15.6,2013
'212910,212,20.6,2013
'213801,800,90,2013
'213901,192,12.2,2013
'214901,1239,12.3,2013
'214902,32,12,2013
'214903,781,12.9,2013
'215901,207,14.8,2013
'216901,21,9.4,2013
'217901,32,14.2,2013
'218901,115,13.5,2013
'219901,32,13.6,2013
'219903,141,14,2013
'219905,36,15.9,2013
'220801,62,19.3,2013
'220802,153,16.5,2013
'220804,991,77.5,2013
'220809,24,4.6,2013
'220810,58,9.6,2013
'220811,11,5.7,2013
'220812,327,80.5,2013
'220813,223,9.4,2013
'220814,2,1.5,2013
'220815,33,10.7,2013
'220816,58,7.9,2013
'220817,95,29.6,2013
'220818,0,.,2013
'220901,14391,22.4,2013
'220902,3277,14.5,2013
'220904,897,17.6,2013
'220905,20809,24.7,2013
'220906,1251,9.6,2013
'220907,3094,9.7,2013
'220908,3963,12.5,2013
'220910,657,21.6,2013
'220912,2763,18.4,2013
'220914,365,12,2013
'220915,1096,18.5,2013
'220916,4023,18.7,2013
'220917,713,19.5,2013
'220918,2758,16.3,2013
'220919,291,4,2013
'220920,1098,17.5,2013
'221801,3426,38.6,2013
'221901,4322,25.1,2013
'221904,198,17.7,2013
'221905,28,16.1,2013
'221911,126,12.5,2013
'221912,284,8.9,2013
'222901,21,18.4,2013
'223901,298,18.2,2013
'223902,39,13.7,2013
'223904,25,12.5,2013
'224901,26,13.7,2013
'224902,14,13,2013
'225902,807,16.4,2013
'225905,35,23,2013
'225906,97,10.6,2013
'225907,57,13.9,2013
'226801,172,20.7,2013
'226901,68,15.2,2013
'226903,3088,21.4,2013
'226905,57,18.8,2013
'226906,110,10.5,2013
'226907,259,23.4,2013
'226908,30,12.3,2013
'227801,103,58.2,2013
'227803,16,7,2013
'227804,110,14.4,2013
'227805,45,17.7,2013
'227806,1948,87.2,2013
'227814,73,20.4,2013
'227816,387,14.9,2013
'227817,41,21,2013
'227818,627,83.7,2013
'227819,12,5.5,2013
'227820,77,6.2,2013
'227821,53,14.8,2013
'227824,46,13.6,2013
'227825,0,.,2013
'227901,17284,20.7,2013
'227904,2860,12.9,2013
'227907,1299,18.7,2013
'227909,307,4.1,2013
'227910,2254,20.8,2013
'227912,138,10.9,2013
'227913,532,7.5,2013
'228901,123,17.1,2013
'228903,234,20.3,2013
'228904,18,14.9,2013
'228905,19,10.3,2013
'229901,108,23,2013
'229903,273,20.8,2013
'229904,263,20.8,2013
'229905,81,21.6,2013
'229906,42,22,2013
'230901,135,19.5,2013
'230902,403,17.5,2013
'230903,163,19.2,2013
'230904,51,17.2,2013
'230905,131,12.8,2013
'230906,119,12.5,2013
'230908,103,13.9,2013
'231901,74,14.8,2013
'231902,35,15,2013
'232901,39,13.8,2013
'232902,47,9.3,2013
'232903,726,15.9,2013
'232904,34,17.3,2013
'233901,1348,13.7,2013
'233903,19,9,2013
'234801,399,94.8,2013
'234902,244,12.4,2013
'234903,112,12.4,2013
'234904,263,23.4,2013
'234905,54,12.1,2013
'234906,361,15.9,2013
'234907,404,16.1,2013
'234909,56,15.1,2013
'235901,199,23.7,2013
'235902,3558,24.4,2013
'235904,22,19.8,2013
'236801,332,98.2,2013
'236901,113,12.9,2013
'236902,798,13.7,2013
'237902,188,13.6,2013
'237904,697,13.1,2013
'237905,250,13.4,2013
'238902,328,16.6,2013
'238904,21,18.6,2013
'239901,480,10.5,2013
'239903,44,12.6,2013
'240801,299,45.2,2013
'240901,4826,20.7,2013
'240903,5718,14,2013
'240904,45,12.9,2013
'241901,78,7.8,2013
'241902,72,7.9,2013
'241903,332,10,2013
'241904,242,12.4,2013
'241906,45,10.5,2013
'242902,60,15.3,2013
'242903,46,11.4,2013
'242905,19,14.8,2013
'242906,16,12.9,2013
'243801,128,51.6,2013
'243901,503,16.2,2013
'243902,68,15.7,2013
'243903,211,12.4,2013
'243905,2821,20.1,2013
'243906,201,21.1,2013
'244901,19,17.8,2013
'244903,453,20.1,2013
'244905,27,15.6,2013
'245901,52,12.1,2013
'245902,166,11.6,2013
'245903,345,16.2,2013
'245904,41,14.5,2013
'246801,101,16.3,2013
'246902,140,14.4,2013
'246904,1467,14.6,2013
'246905,56,13.7,2013
'246906,764,14,2013
'246907,145,15.3,2013
'246908,258,9.7,2013
'246909,6341,14.4,2013
'246911,428,14.6,2013
'246912,69,11.3,2013
'246913,3114,9.8,2013
'246914,12,11.9,2013
'247901,613,16.2,2013
'247903,310,10.4,2013
'247904,96,12,2013
'247906,117,15.3,2013
'248901,196,16.2,2013
'248902,48,14.2,2013
'249901,80,11.6,2013
'249902,174,15.8,2013
'249903,304,14,2013
'249904,100,17.6,2013
'249905,337,11.6,2013
'249906,133,12.5,2013
'249908,63,25.5,2013
'250902,171,21.9,2013
'250903,204,13.4,2013
'250904,138,12.8,2013
'250905,59,17.1,2013
'250906,132,15.7,2013
'250907,203,14.2,2013
'251901,141,9.9,2013
'251902,74,16,2013
'252901,321,13.3,2013
'252902,25,14.3,2013
'252903,135,19.1,2013
'253901,273,8.9,2013
'254901,232,12.8,2013
'254902,73,15.9,2013
'1,873357,17.9,2013
'001902,98,16.5,2014
'001903,178,15,2014
'001904,137,18.2,2014
'001906,55,13.2,2014
'001907,567,17.9,2014
'001908,287,17.8,2014
'001909,86,20.3,2014
'002901,525,15.1,2014
'003801,54,9.5,2014
'003902,348,13.3,2014
'003903,1333,16.9,2014
'003904,270,15.6,2014
'003905,230,13.1,2014
'003906,87,19.7,2014
'003907,235,15.3,2014
'004901,555,17.6,2014
'005901,66,13.7,2014
'005902,80,9.4,2014
'005904,29,6.5,2014
'006902,44,12.5,2014
'007901,115,22.4,2014
'007902,291,19,2014
'007904,301,17.6,2014
'007905,630,18.1,2014
'007906,246,14.6,2014
'008901,176,8.8,2014
'008902,278,11,2014
'008903,119,14.7,2014
'009901,200,14.5,2014
'010901,71,25.1,2014
'010902,395,16.7,2014
'011901,1845,19.6,2014
'011902,640,16.1,2014
'011904,214,12.5,2014
'011905,21,11.5,2014
'012901,69,12.6,2014
'013801,34,9.1,2014
'013901,648,19.1,2014
'013902,21,15.1,2014
'013903,86,20.4,2014
'013905,106,13,2014
'014801,258,78.9,2014
'014802,137,82.5,2014
'014803,170,37.7,2014
'014804,636,45.8,2014
'014901,141,12.3,2014
'014902,47,12.7,2014
'014903,1952,19.4,2014
'014905,49,8.4,2014
'014906,12536,30,2014
'014907,92,11.2,2014
'014908,165,12.1,2014
'014909,2385,27.2,2014
'014910,192,14.2,2014
'015801,444,74.9,2014
'015802,233,41.8,2014
'015803,63,18.3,2014
'015805,111,17.6,2014
'015806,313,23,2014
'015807,491,61.8,2014
'015808,1744,94.5,2014
'015809,82,24.7,2014
'015814,180,70.6,2014
'015815,127,25.5,2014
'015816,59,25.1,2014
'015819,331,37.7,2014
'015820,178,36.1,2014
'015822,1832,54.4,2014
'015823,68,58.6,2014
'015825,43,22.1,2014
'015826,106,9.2,2014
'015827,143,16.4,2014
'015828,233,10.9,2014
'015830,212,16.8,2014
'015831,187,20.2,2014
'015832,27,19.1,2014
'015833,29,13.4,2014
'015834,0,.,2014
'015836,0,.,2014
'015901,331,7.2,2014
'015904,3115,21.3,2014
'015905,2786,24.1,2014
'015906,185,16,2014
'015907,12875,24.3,2014
'015908,2133,22,2014
'015909,636,17.2,2014
'015910,12207,17.8,2014
'015911,1596,16.9,2014
'015912,2478,19.1,2014
'015913,188,21.1,2014
'015914,395,25.3,2014
'015915,18477,18.5,2014
'015916,5313,23,2014
'015917,1042,20.4,2014
'016901,67,9.7,2014
'016902,89,9.9,2014
'017901,20,8.3,2014
'018901,147,14.9,2014
'018902,57,11.4,2014
'018903,19,17.9,2014
'018904,91,15.4,2014
'018905,43,23.8,2014
'018906,16,12.6,2014
'018907,58,24.4,2014
'018908,24,19.5,2014
'019901,155,20.1,2014
'019902,128,14.7,2014
'019903,75,15.9,2014
'019905,229,17.5,2014
'019906,152,13.5,2014
'019907,1161,17.2,2014
'019908,458,18,2014
'019909,79,15.4,2014
'019910,14,13.3,2014
'019911,44,9.1,2014
'019912,214,11.2,2014
'019913,10,12.8,2014
'019914,21,23.3,2014
'020901,2502,13.9,2014
'020902,1531,22.9,2014
'020904,74,9.9,2014
'020905,2147,17.4,2014
'020906,255,13.7,2014
'020907,415,14.2,2014
'020908,1785,9.5,2014
'020910,27,18.9,2014
'021803,186,40.9,2014
'021805,263,28.2,2014
'021901,1404,13.4,2014
'021902,3660,23.1,2014
'022004,11,11.1,2014
'022901,123,12,2014
'022902,10,23.8,2014
'022903,2,9.5,2014
'023902,31,16.1,2014
'024901,157,11.1,2014
'025901,149,15.2,2014
'025902,749,21.8,2014
'025904,50,20.6,2014
'025905,36,14.3,2014
'025906,33,15.1,2014
'025908,57,26.4,2014
'025909,164,14,2014
'026901,189,11.3,2014
'026902,101,21.3,2014
'026903,60,12.5,2014
'027903,492,15.7,2014
'027904,644,16.3,2014
'028902,663,14.1,2014
'028903,171,12.8,2014
'028906,34,17.8,2014
'029901,555,13.8,2014
'030901,49,15.3,2014
'030902,200,14.6,2014
'030903,43,15.2,2014
'030906,68,18.9,2014
'031803,28,6.5,2014
'031901,7952,16.9,2014
'031903,3807,20.6,2014
'031905,537,15.7,2014
'031906,1356,13.8,2014
'031909,293,12.4,2014
'031911,232,11.3,2014
'031912,2469,21.9,2014
'031913,118,18.3,2014
'031914,214,18.2,2014
'031916,313,8.9,2014
'032902,302,12.7,2014
'033901,12,9.1,2014
'033902,60,9.9,2014
'033904,54,14.4,2014
'034901,209,12.3,2014
'034902,28,21.1,2014
'034903,123,11.2,2014
'034905,109,14.6,2014
'034906,52,12.4,2014
'034907,140,13.7,2014
'034909,53,20.5,2014
'035901,178,16,2014
'035902,37,14.7,2014
'035903,17,7.4,2014
'036901,161,13.8,2014
'036902,467,10.6,2014
'036903,136,10.6,2014
'037901,53,8.7,2014
'037904,681,14.7,2014
'037907,262,12.7,2014
'037908,43,10,2014
'037909,52,16.7,2014
'038901,172,15.6,2014
'039902,100,11.4,2014
'039903,47,11,2014
'039904,19,11.8,2014
'039905,15,15,2014
'040901,76,19.5,2014
'040902,37,11.3,2014
'041901,52,19.2,2014
'041902,40,17.7,2014
'042901,195,21.7,2014
'042903,49,19.3,2014
'042905,37,23,2014
'043801,208,22.1,2014
'043901,1311,7,2014
'043902,316,13.4,2014
'043903,158,8.1,2014
'043904,169,11.8,2014
'043905,3197,7.9,2014
'043907,2874,12.1,2014
'043908,192,11.6,2014
'043910,5198,9.9,2014
'043911,514,15.5,2014
'043912,450,8.7,2014
'043914,1434,11.1,2014
'043917,104,16.1,2014
'043918,206,12.8,2014
'043919,131,3.7,2014
'044902,78,14.5,2014
'045902,256,16.2,2014
'045903,110,9.5,2014
'045905,68,12.6,2014
'046802,441,93.2,2014
'046901,1188,14.7,2014
'046902,2694,14.5,2014
'047901,160,13.7,2014
'047902,91,14.8,2014
'047903,32,14.5,2014
'047905,29,21.2,2014
'048901,54,22.1,2014
'048903,69,27.8,2014
'049901,425,16.1,2014
'049902,44,10.3,2014
'049903,102,15,2014
'049905,189,16.5,2014
'049906,34,7.7,2014
'049907,13,2.6,2014
'049908,22,30.6,2014
'049909,22,36.1,2014
'050901,37,17.5,2014
'050902,308,11.1,2014
'050904,21,13.2,2014
'050909,43,27.2,2014
'050910,1763,22.7,2014
'051901,28,13.5,2014
'052901,133,13.5,2014
'053001,107,14.1,2014
'054901,54,14.8,2014
'054902,58,21.4,2014
'054903,95,18.7,2014
'055901,65,15.5,2014
'056901,289,17.3,2014
'056902,17,12.6,2014
'057802,125,15.4,2014
'057803,97,5.2,2014
'057804,3147,76.9,2014
'057805,2,1.9,2014
'057806,323,18,2014
'057807,301,7.7,2014
'057808,67,5.7,2014
'057809,9,13,2014
'057810,86,23.4,2014
'057813,111,9.5,2014
'057814,2434,99.8,2014
'057815,274,16.2,2014
'057816,40,3.9,2014
'057817,100,13.1,2014
'057819,52,29.5,2014
'057825,269,35.8,2014
'057827,70,10.8,2014
'057828,2546,78.6,2014
'057829,60,6.6,2014
'057830,77,8.8,2014
'057831,66,9.7,2014
'057832,200,72.5,2014
'057833,56,35.4,2014
'057834,723,78.9,2014
'057835,81,12.7,2014
'057836,16,5.8,2014
'057837,14,3.9,2014
'057838,91,6.4,2014
'057839,50,7.9,2014
'057840,67,13.8,2014
'057841,14,14.7,2014
'057842,74,5.1,2014
'057843,147,18.4,2014
'057844,77,17.3,2014
'057845,103,27.2,2014
'057846,323,36,2014
'057847,0,.,2014
'057848,0,.,2014
'057903,4121,16.3,2014
'057904,1409,17.2,2014
'057905,33553,21.4,2014
'057906,1952,21,2014
'057907,2728,19.9,2014
'057909,7868,14,2014
'057910,5198,19.3,2014
'057911,204,3.2,2014
'057912,5542,16.6,2014
'057913,1364,21.5,2014
'057914,6284,16.2,2014
'057916,6990,18.8,2014
'057919,82,6.7,2014
'057922,720,6.8,2014
'058902,19,13.2,2014
'058905,21,9.6,2014
'058906,286,15.7,2014
'058909,28,13.6,2014
'059901,546,13.9,2014
'059902,15,14,2014
'060902,117,15.4,2014
'060914,35,19.9,2014
'061802,242,34,2014
'061804,19,6.7,2014
'061901,4027,16,2014
'061902,5280,10.5,2014
'061903,193,13.5,2014
'061905,179,10,2014
'061906,169,13.8,2014
'061907,192,10.3,2014
'061908,371,14.4,2014
'061910,115,6.4,2014
'061911,2112,12.2,2014
'061912,371,9.6,2014
'061914,779,12.7,2014
'062901,340,17.1,2014
'062902,41,27.9,2014
'062903,219,14.4,2014
'062904,79,15.7,2014
'062905,13,21,2014
'062906,18,14.5,2014
'063903,38,13.9,2014
'063906,20,21.3,2014
'064903,360,15.7,2014
'065901,59,14.1,2014
'065902,33,25.8,2014
'066005,6,22.2,2014
'066901,43,12.1,2014
'066902,205,15.9,2014
'066903,112,14.4,2014
'067902,187,21.1,2014
'067903,194,17.2,2014
'067904,34,11.1,2014
'067907,101,22.3,2014
'067908,25,13.3,2014
'068801,790,71.4,2014
'068802,39,13.5,2014
'068901,5395,18.7,2014
'069901,30,11.5,2014
'069902,54,18.9,2014
'070801,128,36.9,2014
'070901,26,9.4,2014
'070903,626,11.8,2014
'070905,274,12.4,2014
'070907,96,18.4,2014
'070908,686,9.4,2014
'070909,41,18.5,2014
'070910,175,16.2,2014
'070911,606,11.1,2014
'070912,1155,15.3,2014
'070915,104,10.6,2014
'071801,74,9.2,2014
'071803,250,60.5,2014
'071804,443,62.3,2014
'071806,191,8.8,2014
'071807,44,19.6,2014
'071809,11,8.5,2014
'071901,1520,13.8,2014
'071902,12272,19.6,2014
'071903,218,9.6,2014
'071904,619,16.3,2014
'071905,6531,15.6,2014
'071906,101,13,2014
'071907,753,13,2014
'071908,129,10,2014
'071909,6637,15.3,2014
'072801,4491,68.1,2014
'072802,568,91.8,2014
'072901,9,19.1,2014
'072902,180,15.9,2014
'072903,486,13.8,2014
'072904,18,16.4,2014
'072908,29,17.3,2014
'072909,30,13.9,2014
'072910,9,8.5,2014
'073901,70,14.4,2014
'073903,140,15.2,2014
'073904,2,1.4,2014
'073905,155,22,2014
'074903,316,17.1,2014
'074904,48,14.4,2014
'074905,50,18.7,2014
'074907,90,16.5,2014
'074909,96,11.4,2014
'074911,51,19,2014
'074912,70,13.6,2014
'074917,60,13.3,2014
'075901,74,12.8,2014
'075902,156,8.7,2014
'075903,71,10.9,2014
'075906,14,7.3,2014
'075908,16,6.5,2014
'076903,39,17.1,2014
'076904,48,15.9,2014
'077901,219,27.1,2014
'077902,76,15.6,2014
'078901,30,14.7,2014
'079901,3780,15,2014
'079906,213,8,2014
'079907,8187,11.9,2014
'079910,387,12.5,2014
'080901,182,12.1,2014
'081902,208,12.4,2014
'081904,181,15.1,2014
'081905,76,15.9,2014
'081906,13,10.3,2014
'082902,170,18.5,2014
'082903,372,16.9,2014
'083901,82,15,2014
'083902,16,14.2,2014
'083903,435,16.9,2014
'084801,49,17.4,2014
'084802,67,13,2014
'084804,63,25.1,2014
'084805,65,17.6,2014
'084901,1801,19,2014
'084902,1075,17.5,2014
'084903,36,20.8,2014
'084904,773,28.5,2014
'084906,1187,19.8,2014
'084908,301,25,2014
'084909,426,9.7,2014
'084910,4847,12.6,2014
'084911,276,4.8,2014
'085902,130,17.2,2014
'085903,23,14.4,2014
'086024,3,14.3,2014
'086901,280,9.9,2014
'086902,58,10.4,2014
'087901,28,10.5,2014
'088902,224,16.8,2014
'089901,326,12.5,2014
'089903,174,18.2,2014
'089905,38,13.6,2014
'090902,45,27.1,2014
'090903,34,16.8,2014
'090904,591,17.1,2014
'090905,5,12.5,2014
'091901,103,14,2014
'091902,81,15.3,2014
'091903,825,19.1,2014
'091905,112,11.5,2014
'091906,1488,21.4,2014
'091907,32,16.3,2014
'091908,141,11.1,2014
'091909,206,14.3,2014
'091910,125,15.9,2014
'091913,145,11.3,2014
'091914,119,14.4,2014
'091917,88,11.3,2014
'091918,91,12.2,2014
'092801,114,53.3,2014
'092901,433,22.3,2014
'092902,486,13.4,2014
'092903,1754,20.7,2014
'092904,858,18.8,2014
'092906,215,16.5,2014
'092907,268,14.6,2014
'092908,171,12.4,2014
'093901,73,10.4,2014
'093903,52,11.7,2014
'093904,381,13.8,2014
'093905,38,25.9,2014
'094901,1748,23.3,2014
'094902,1892,14,2014
'094903,131,8.3,2014
'094904,158,12.5,2014
'095901,99,13.7,2014
'095902,20,16.3,2014
'095903,105,16.6,2014
'095904,52,21.1,2014
'095905,898,16.6,2014
'096904,82,16.7,2014
'096905,18,9,2014
'097902,119,16.1,2014
'097903,81,15.5,2014
'098901,34,8.7,2014
'098903,10,9.6,2014
'098904,78,9.7,2014
'099902,19,10.8,2014
'099903,94,18,2014
'100903,211,16.4,2014
'100904,383,14.4,2014
'100905,239,11.9,2014
'100907,480,12.9,2014
'100908,65,12,2014
'101801,48,29.6,2014
'101802,24,3.8,2014
'101803,60,18.9,2014
'101804,257,36.9,2014
'101805,131,20.3,2014
'101806,139,10.5,2014
'101807,6,5.4,2014
'101809,104,28.4,2014
'101810,46,14.5,2014
'101811,2571,99.3,2014
'101813,682,12.6,2014
'101814,221,22,2014
'101815,12,7,2014
'101819,31,8.1,2014
'101821,94,34.6,2014
'101822,130,66.3,2014
'101828,145,12.3,2014
'101829,11,14.9,2014
'101833,19,15.1,2014
'101837,123,38.1,2014
'101838,695,43.4,2014
'101840,12,6.2,2014
'101842,117,78.5,2014
'101845,318,5.2,2014
'101846,353,10.2,2014
'101847,41,10,2014
'101848,211,46.4,2014
'101849,36,18,2014
'101850,95,22.8,2014
'101853,97,13.8,2014
'101854,249,67.8,2014
'101855,29,24.6,2014
'101856,4,1.8,2014
'101858,392,10.6,2014
'101859,21,7.9,2014
'101861,29,8.7,2014
'101862,78,5.5,2014
'101863,54,27,2014
'101864,19,8.2,2014
'101865,304,38.5,2014
'101866,0,.,2014
'101867,99,29.2,2014
'101868,0,.,2014
'101869,0,.,2014
'101902,13220,21,2014
'101903,11607,25.4,2014
'101905,1393,16.5,2014
'101906,659,13.3,2014
'101907,13379,12.7,2014
'101908,1292,10.5,2014
'101910,2767,13.2,2014
'101911,4485,20.5,2014
'101912,35074,18.7,2014
'101913,4560,12.5,2014
'101914,6885,11.1,2014
'101915,6867,14.9,2014
'101916,1008,13.5,2014
'101917,8517,16.4,2014
'101919,8338,22.9,2014
'101920,4645,14.2,2014
'101921,1138,10.2,2014
'101924,1239,17.4,2014
'101925,444,14,2014
'102901,39,23.6,2014
'102902,844,15.9,2014
'102903,95,11.3,2014
'102904,591,13.2,2014
'102905,84,12,2014
'102906,109,11.3,2014
'103901,36,19.9,2014
'103902,30,15.8,2014
'104901,108,18.3,2014
'104903,43,32.3,2014
'104907,31,19.1,2014
'105801,49,28.8,2014
'105802,32,23.7,2014
'105902,1429,19.4,2014
'105904,345,7.6,2014
'105905,202,10.1,2014
'105906,2013,12.7,2014
'106901,86,10.1,2014
'107901,443,13.9,2014
'107902,481,17,2014
'107904,91,15.2,2014
'107905,279,19.7,2014
'107906,316,24,2014
'107907,37,21.6,2014
'107908,41,22.9,2014
'107910,66,15.2,2014
'108801,993,69.2,2014
'108802,131,17.7,2014
'108804,416,65.9,2014
'108807,890,7.7,2014
'108808,105,7.6,2014
'108809,14,35.9,2014
'108902,2845,19.3,2014
'108903,835,16.6,2014
'108904,6017,18.1,2014
'108905,383,12.9,2014
'108906,4341,17.6,2014
'108907,1187,21,2014
'108908,3078,20.1,2014
'108909,5963,19.8,2014
'108910,360,16.9,2014
'108911,1361,13.6,2014
'108912,5462,19.5,2014
'108913,3543,20.1,2014
'108914,96,15.9,2014
'108915,150,14.8,2014
'108916,555,12.5,2014
'109901,16,6.2,2014
'109902,35,15.8,2014
'109903,62,24,2014
'109904,214,12.4,2014
'109905,61,16.7,2014
'109907,111,15.8,2014
'109908,28,32.2,2014
'109910,40,23.5,2014
'109911,284,18.7,2014
'109912,34,12.5,2014
'109913,67,18.3,2014
'109914,29,15.7,2014
'110901,47,20,2014
'110902,499,17.7,2014
'110905,41,13.8,2014
'110906,56,14.5,2014
'110907,69,11.5,2014
'110908,21,10.9,2014
'111901,1154,17.8,2014
'111902,30,10.6,2014
'111903,84,13.2,2014
'112901,535,13.7,2014
'112905,64,16.6,2014
'112906,80,17.9,2014
'112907,46,19.7,2014
'112908,126,17.1,2014
'112909,38,15.2,2014
'112910,20,9.3,2014
'113901,230,18.9,2014
'113902,85,17.7,2014
'113903,50,11.1,2014
'113905,51,11.5,2014
'113906,40,14.1,2014
'114901,857,20.9,2014
'114902,116,14,2014
'114904,66,10.1,2014
'115901,57,12.3,2014
'115902,33,20.8,2014
'115903,23,30.7,2014
'116801,94,20.3,2014
'116901,144,9.8,2014
'116902,72,15.4,2014
'116903,227,15.3,2014
'116905,1792,33.4,2014
'116906,131,14.1,2014
'116908,491,19.7,2014
'116909,92,15.8,2014
'116910,68,19.3,2014
'116915,99,16.5,2014
'116916,68,13.8,2014
'117901,358,14.1,2014
'117903,113,14.6,2014
'117904,74,12.4,2014
'117907,26,23.6,2014
'118902,39,12.5,2014
'119901,48,20.1,2014
'119902,169,17.7,2014
'119903,56,16,2014
'120901,259,17.4,2014
'120902,58,8.7,2014
'120905,104,9.2,2014
'121902,88,21.5,2014
'121903,171,11.5,2014
'121904,325,13.1,2014
'121905,201,14.5,2014
'121906,59,13.6,2014
'122901,61,19.2,2014
'122902,11,28.9,2014
'123803,103,31.4,2014
'123805,73,30.7,2014
'123807,32,12.2,2014
'123905,576,11.9,2014
'123907,1426,17.2,2014
'123908,530,11.5,2014
'123910,3841,20.1,2014
'123913,14,4.4,2014
'123914,116,7.2,2014
'124901,95,9.3,2014
'125901,724,14.2,2014
'125902,76,12.5,2014
'125903,272,15.1,2014
'125905,99,18.3,2014
'125906,10,10.9,2014
'126901,655,18.9,2014
'126902,1480,14.3,2014
'126903,1354,20.7,2014
'126904,132,11.6,2014
'126905,900,18.6,2014
'126906,234,25,2014
'126907,155,18.9,2014
'126908,235,13,2014
'126911,297,18,2014
'127901,103,15.4,2014
'127903,81,17.8,2014
'127904,98,14.3,2014
'127905,17,16,2014
'127906,102,16.3,2014
'128901,206,19.2,2014
'128902,165,24.8,2014
'128903,88,27,2014
'128904,26,7.1,2014
'129901,335,11.5,2014
'129902,792,9.7,2014
'129903,452,12.7,2014
'129904,309,21.8,2014
'129905,655,19.6,2014
'129906,847,20.6,2014
'129910,126,12.6,2014
'130801,75,65.8,2014
'130901,546,7.9,2014
'130902,81,7.7,2014
'131001,4,6.3,2014
'132902,22,15.8,2014
'133901,149,23,2014
'133902,12,7.1,2014
'133903,919,18.8,2014
'133904,211,21.4,2014
'133905,1,9.1,2014
'134901,115,17.6,2014
'135001,14,14.1,2014
'136901,89,14.9,2014
'137901,542,16.1,2014
'137902,65,10.9,2014
'137903,76,16.7,2014
'137904,50,9.8,2014
'138902,64,22.8,2014
'138903,37,10.9,2014
'138904,32,39.5,2014
'139905,97,11.7,2014
'139908,33,18.9,2014
'139909,808,23.4,2014
'139911,325,11.5,2014
'139912,151,14,2014
'140901,32,19.6,2014
'140904,148,11.5,2014
'140905,80,12.6,2014
'140907,47,12.7,2014
'140908,67,15.3,2014
'141901,516,15.3,2014
'141902,50,18.1,2014
'142901,182,15.1,2014
'143901,101,10.9,2014
'143902,39,14.4,2014
'143903,75,13,2014
'143904,19,19.8,2014
'143905,4,3.5,2014
'143906,7,14.9,2014
'144901,166,9.4,2014
'144902,81,9.3,2014
'144903,29,17,2014
'145901,116,13.5,2014
'145902,92,13.6,2014
'145906,85,16.7,2014
'145907,54,26.6,2014
'145911,74,11,2014
'146901,894,24.1,2014
'146902,909,18.1,2014
'146903,19,12.4,2014
'146904,244,19.4,2014
'146905,133,23.6,2014
'146906,335,16.3,2014
'146907,255,13.9,2014
'147901,44,14.1,2014
'147902,312,18.7,2014
'147903,272,14.4,2014
'148901,37,10.5,2014
'148902,18,10.7,2014
'148903,24,18.6,2014
'148905,23,18.7,2014
'149901,196,17.3,2014
'149902,163,24.6,2014
'150901,319,17.7,2014
'152802,16,10.9,2014
'152803,191,64.7,2014
'152805,251,27.9,2014
'152901,7040,24.1,2014
'152902,140,19.4,2014
'152903,210,17.6,2014
'152906,555,12.8,2014
'152907,1336,17,2014
'152908,266,24.2,2014
'152909,170,11.7,2014
'152910,95,10.7,2014
'153903,32,12.1,2014
'153904,78,14.2,2014
'153905,29,12.9,2014
'153907,48,33.6,2014
'154901,309,14.6,2014
'154903,66,19.4,2014
'155901,204,17.6,2014
'156902,130,15.5,2014
'156905,16,7.1,2014
'157901,66,10.3,2014
'158901,613,17.3,2014
'158902,106,14.3,2014
'158904,31,20.9,2014
'158905,125,9.1,2014
'158906,129,14,2014
'159901,2160,14.8,2014
'160901,160,13.8,2014
'160904,37,18,2014
'160905,19,20.2,2014
'161801,24,12.1,2014
'161802,45,9.2,2014
'161807,390,10.8,2014
'161901,70,12,2014
'161903,785,11.1,2014
'161906,451,16.5,2014
'161907,109,7,2014
'161908,80,15.1,2014
'161909,109,8.8,2014
'161910,109,16.2,2014
'161912,82,13.8,2014
'161914,4119,26.9,2014
'161916,233,16.1,2014
'161918,278,32.3,2014
'161919,230,26.1,2014
'161920,343,14.4,2014
'161921,443,18.9,2014
'161922,221,10,2014
'161923,37,6.4,2014
'161924,20,16.7,2014
'161925,30,15.8,2014
'162904,32,13.7,2014
'163901,289,15,2014
'163902,30,9.5,2014
'163903,182,17.2,2014
'163904,254,12.2,2014
'163908,551,15.2,2014
'164901,32,10.5,2014
'165802,36,9.5,2014
'165901,4145,18.2,2014
'165902,308,16.3,2014
'166901,213,14.6,2014
'166902,27,15.2,2014
'166903,59,14.6,2014
'166904,226,14.9,2014
'166905,42,7.8,2014
'166907,32,18.4,2014
'167901,68,12.2,2014
'167902,27,26.2,2014
'167903,16,27.1,2014
'167904,18,19.4,2014
'168901,208,20.1,2014
'168902,35,28.2,2014
'168903,44,19.8,2014
'169901,262,16.4,2014
'169902,104,13.4,2014
'169906,43,29.9,2014
'169908,14,16.3,2014
'169909,26,18.3,2014
'169910,48,23.6,2014
'169911,57,21.2,2014
'170801,82,19.2,2014
'170902,7075,13.5,2014
'170903,798,11.3,2014
'170904,1077,16.7,2014
'170906,1453,12.6,2014
'170907,513,15.2,2014
'170908,2243,19.6,2014
'171901,698,15.8,2014
'171902,74,14.6,2014
'172902,160,14.7,2014
'172905,145,14.8,2014
'173901,15,8.9,2014
'174801,3,1.4,2014
'174901,32,9.4,2014
'174902,61,13,2014
'174903,113,15.7,2014
'174904,1046,17.1,2014
'174906,136,17.6,2014
'174908,112,10.9,2014
'174909,44,12.2,2014
'174910,23,18.5,2014
'174911,36,9.4,2014
'175902,120,14.5,2014
'175903,827,14.8,2014
'175904,82,19.2,2014
'175905,59,16.2,2014
'175907,82,13.4,2014
'175910,97,13.2,2014
'175911,101,12.3,2014
'176901,59,20,2014
'176902,173,16.5,2014
'176903,108,16.8,2014
'177901,65,15.9,2014
'177902,371,17.8,2014
'177903,15,10.7,2014
'177905,21,9.5,2014
'178801,112,59.9,2014
'178804,218,61.4,2014
'178807,33,17.6,2014
'178808,61,14.2,2014
'178901,54,14.8,2014
'178902,175,13.8,2014
'178903,564,14.3,2014
'178904,10846,26.1,2014
'178905,69,23.9,2014
'178906,43,7.6,2014
'178908,111,20.9,2014
'178909,471,16.6,2014
'178912,616,16.2,2014
'178913,95,11.8,2014
'178914,889,15.9,2014
'178915,374,18.3,2014
'179901,297,13.3,2014
'180901,99,25.6,2014
'180902,23,6.9,2014
'180903,8,6.5,2014
'180904,3,3.9,2014
'181901,339,13,2014
'181905,208,12.5,2014
'181906,477,21.9,2014
'181907,729,15.2,2014
'181908,455,13.5,2014
'182901,28,12.6,2014
'182902,50,16.6,2014
'182903,582,17.5,2014
'182904,53,11,2014
'182905,43,21.6,2014
'182906,15,16.5,2014
'183801,68,32.9,2014
'183901,95,14.8,2014
'183902,325,12.3,2014
'183904,65,16.6,2014
'184801,56,39.2,2014
'184901,95,18.4,2014
'184902,624,18.5,2014
'184903,1256,16.5,2014
'184904,110,14.4,2014
'184907,415,9.1,2014
'184908,172,16.7,2014
'184909,91,9.7,2014
'184911,42,23.5,2014
'185901,48,10.9,2014
'185902,78,13.8,2014
'185903,119,11,2014
'185904,44,25.9,2014
'186901,21,18.6,2014
'186902,254,11.3,2014
'186903,291,46.1,2014
'187901,75,15.7,2014
'187903,68,28.6,2014
'187904,117,12.4,2014
'187906,40,22.2,2014
'187907,751,18.6,2014
'187910,230,24.2,2014
'188801,247,68.4,2014
'188901,5219,16.9,2014
'188902,230,16.2,2014
'188903,131,15.8,2014
'188904,140,10.3,2014
'189901,49,15.4,2014
'189902,196,14.4,2014
'190903,224,14.1,2014
'191901,1465,15.8,2014
'192901,94,11.7,2014
'193801,191,66.3,2014
'193902,56,21,2014
'194902,49,13.1,2014
'194903,98,14.2,2014
'194904,79,13.5,2014
'194905,43,10,2014
'195901,225,10.8,2014
'195902,17,11,2014
'196901,23,14.7,2014
'196902,60,12.7,2014
'196903,75,11.3,2014
'197902,31,15.3,2014
'198901,51,12.1,2014
'198902,28,19.7,2014
'198903,114,11.9,2014
'198905,210,22.1,2014
'198906,55,11.2,2014
'199901,1241,9,2014
'199902,604,12.7,2014
'200901,135,14.9,2014
'200902,35,8.4,2014
'200904,78,13.6,2014
'200906,20,36.4,2014
'201902,388,12.2,2014
'201903,32,21.3,2014
'201904,54,21.6,2014
'201907,66,18.3,2014
'201908,109,20.5,2014
'201910,174,11.1,2014
'201913,76,12.6,2014
'201914,207,20.7,2014
'202903,147,16.6,2014
'202905,88,14.3,2014
'203901,102,14.2,2014
'203902,109,23.9,2014
'204901,340,20.7,2014
'204904,338,18.5,2014
'205901,335,18.4,2014
'205902,692,15.4,2014
'205903,353,16,2014
'205904,175,11.2,2014
'205905,109,11.2,2014
'205906,357,16.3,2014
'205907,152,14.9,2014
'206901,67,10.7,2014
'206902,31,23.7,2014
'206903,50,33.6,2014
'207901,55,10.1,2014
'208901,30,13.1,2014
'208902,480,18.2,2014
'208903,30,11.9,2014
'209901,54,11.8,2014
'209902,32,24.1,2014
'210901,270,11.3,2014
'210902,87,12.5,2014
'210903,106,13.7,2014
'210904,84,16.6,2014
'210905,107,17.1,2014
'210906,18,20.2,2014
'211901,54,15,2014
'211902,54,10.1,2014
'212801,57,12.4,2014
'212803,238,75.6,2014
'212804,90,26.9,2014
'212901,134,15.7,2014
'212902,315,14.7,2014
'212903,476,13.2,2014
'212904,137,12.8,2014
'212905,2871,16.2,2014
'212906,593,13.3,2014
'212909,525,15.9,2014
'212910,218,21.6,2014
'213801,930,91,2014
'213901,150,9.5,2014
'214901,1132,11.3,2014
'214902,27,11.2,2014
'214903,655,11,2014
'215901,174,12.9,2014
'216901,43,15.8,2014
'217901,24,10.8,2014
'218901,72,8.6,2014
'219901,20,8.7,2014
'219903,153,14.6,2014
'219905,43,20.3,2014
'220801,27,8.5,2014
'220802,136,12.5,2014
'220809,18,3.4,2014
'220810,30,4.7,2014
'220811,55,14.1,2014
'220812,328,77.7,2014
'220813,361,10.9,2014
'220814,18,6.5,2014
'220815,41,10.2,2014
'220816,145,9.3,2014
'220817,118,27.3,2014
'220818,272,39.6,2014
'220901,13315,20.8,2014
'220902,3062,13.3,2014
'220904,1013,19.5,2014
'220905,20063,23.7,2014
'220906,1197,9.2,2014
'220907,2942,9.2,2014
'220908,3694,11.6,2014
'220910,601,19.2,2014
'220912,2581,17.4,2014
'220914,422,13.7,2014
'220915,1015,17.3,2014
'220916,3791,17.6,2014
'220917,769,20.5,2014
'220918,2777,15.9,2014
'220919,287,3.9,2014
'220920,1029,16.3,2014
'221801,4974,39,2014
'221901,4114,23.9,2014
'221904,203,17.8,2014
'221905,25,15.4,2014
'221911,127,12.3,2014
'221912,327,9.6,2014
'222901,25,21.2,2014
'223901,331,19.3,2014
'223902,39,13.1,2014
'223904,27,13,2014
'224901,37,19.1,2014
'224902,21,19.4,2014
'225902,769,15.8,2014
'225905,19,15,2014
'225906,117,12.2,2014
'225907,48,11.1,2014
'226801,170,18,2014
'226901,74,16,2014
'226903,3201,22,2014
'226905,67,22.6,2014
'226906,79,7.7,2014
'226907,271,24.9,2014
'226908,25,10.2,2014
'227801,166,71.6,2014
'227803,63,13.5,2014
'227804,64,8.2,2014
'227805,43,19.4,2014
'227806,1993,88,2014
'227814,69,18.2,2014
'227816,346,12,2014
'227817,29,12.1,2014
'227819,18,8.1,2014
'227820,85,4.6,2014
'227821,31,9.1,2014
'227824,587,47.8,2014
'227825,35,25.7,2014
'227901,15854,19.2,2014
'227904,2864,12.7,2014
'227907,1470,19.7,2014
'227909,289,3.9,2014
'227910,2332,20.9,2014
'227912,153,11.8,2014
'227913,519,7,2014
'228901,136,18.8,2014
'228903,232,19.3,2014
'228904,38,32.2,2014
'228905,30,15.2,2014
'229901,76,17.4,2014
'229903,268,20.2,2014
'229904,259,20.6,2014
'229905,108,25.5,2014
'229906,41,23,2014
'230901,152,21.1,2014
'230902,416,17.9,2014
'230903,157,19.1,2014
'230904,42,15.4,2014
'230905,130,12.3,2014
'230906,108,11.4,2014
'230908,100,13.5,2014
'231901,87,16.2,2014
'231902,32,13.3,2014
'232901,45,14.9,2014
'232902,70,13.8,2014
'232903,757,16.5,2014
'232904,38,17.9,2014
'233901,1176,12,2014
'233903,10,4.9,2014
'234801,346,93.5,2014
'234902,210,10.7,2014
'234903,121,13.5,2014
'234904,238,21.8,2014
'234905,59,13,2014
'234906,302,13.8,2014
'234907,380,15.6,2014
'234909,70,18.6,2014
'235901,198,22.2,2014
'235902,3399,23.2,2014
'235904,27,24.8,2014
'236801,299,99,2014
'236901,113,13.2,2014
'236902,795,13.5,2014
'237902,222,15.3,2014
'237904,719,13.4,2014
'237905,310,16.2,2014
'238902,343,16.8,2014
'238904,26,20.3,2014
'239901,424,9.5,2014
'239903,30,8.9,2014
'240801,318,52.3,2014
'240901,4670,20.1,2014
'240903,6098,14.7,2014
'240904,51,15,2014
'241901,86,8.4,2014
'241902,58,6.4,2014
'241903,326,9.9,2014
'241904,234,12.3,2014
'241906,72,15.4,2014
'242902,54,13.7,2014
'242903,48,11,2014
'242905,11,8.9,2014
'242906,12,9.6,2014
'243801,117,51.3,2014
'243901,585,18.3,2014
'243902,84,19.8,2014
'243903,201,11.8,2014
'243905,2655,19,2014
'243906,162,17.3,2014
'244901,10,9.5,2014
'244903,486,21.7,2014
'244905,24,13.6,2014
'245901,55,12.3,2014
'245902,150,10.4,2014
'245903,349,16.9,2014
'245904,30,11.4,2014
'246801,49,7,2014
'246902,128,13.5,2014
'246904,1413,14,2014
'246905,68,16.2,2014
'246906,768,14,2014
'246907,167,16.4,2014
'246908,298,10.7,2014
'246909,6317,14.1,2014
'246911,406,13.6,2014
'246912,63,10.4,2014
'246913,3091,9.4,2014
'246914,31,29.5,2014
'247901,742,19.1,2014
'247903,302,10.2,2014
'247904,92,11.6,2014
'247906,147,18.3,2014
'248901,254,19.6,2014
'248902,76,20.7,2014
'249901,103,14.6,2014
'249902,189,17,2014
'249903,318,15.2,2014
'249904,114,19.3,2014
'249905,366,12.7,2014
'249906,119,11.4,2014
'249908,53,21.5,2014
'250902,107,14.4,2014
'250903,210,13.8,2014
'250904,198,17.1,2014
'250905,50,14.5,2014
'250906,124,15.3,2014
'250907,174,12.4,2014
'251901,166,11,2014
'251902,47,11.1,2014
'252901,276,11.4,2014
'252902,36,18.8,2014
'252903,135,18.5,2014
'253901,276,8.7,2014
'254901,241,13.2,2014
'254902,42,9.4,2014
'1,845270,17.1,2014
